Name,Id,ExternalInfoId,Members
afro cuban jazz project,cdb2f632-8f7c-45ff-89ec-a354e4b959e4,15613,
agnelli & nelson,6d99afe1-70f4-42f6-8656-f3cf7076d386,9277178,
al jones & his band,28fe509a-624a-419a-b626-b0a9ae470905,14845377,
alaska in winter,a4379d1b-a4ff-4fa6-8d0b-122b3973af6a,16641024,
albert mangelsdorff quartet,7b0e9bdd-d11a-41b1-9d74-33527879a691,1924474,
alex skolnick trio,bfff823c-584d-45ca-b2de-efc6c0e67f36,1628509,
all about eve,515aba65-083a-42fe-92d8-c48f9f7725f7,41881,
all get out,eb85776a-d9eb-4776-a91b-70dceb10cc15,48526729,
all grace,f14fbf7e-c498-4ea9-91c7-08136dab244f,859066,
all saints,3a5d30ef-1347-4179-83d6-ccd069cd922f,226904,
american jazz orchestra,c0352c6c-7eb0-4c7c-969e-7ae30b9beff0,53854475,
amsterdam klezmer band,d92889bb-864a-4e9a-8dc6-37c96492c1fa,172824,
an albatross,967b8733-0128-40b9-b919-651e9db92880,5012175,
an horse,a0560d49-3513-47b1-936e-3a35a4d65095,13645,
andrew winton duo,3d134760-ff84-4ad9-ba7b-5bf1c3a62e93,12953863,
angus & julia stone,0e9bf739-5e71-49b7-b62b-989945d80b2d,1858925,
annie booth trio,e4610602-065f-4305-acf4-bc84bbff76bd,55551801,
ant & dec,9d6926e8-6f7b-44e2-bf23-05ebd9266c47,2594,
arms and legs,4b44b7ec-79c1-436d-9700-047f1f65c3f1,19166409,
arrows to fire,afef602e-b103-4a14-8b73-c570431d5d58,51513,
art blakey & the jazz messengers,1d0f163d-7c37-4353-a90c-c4e00695c518,243651,
art farmer quartet,dd6fd7d4-7fb8-4f03-aee6-e080a45af07f,310414,
"arthur ""big boy"" crudup",d0b0a115-ca6a-4c20-9c5b-1bd31ca2ddab,401153,
auf der maur,0862f452-e428-4874-9758-2e0f4ee271d9,821493,
awon & phoniks,3955449c-bfa8-4bc3-bd4b-1f9f91bf2371,47714595,
azul y negro,cdb271af-051d-452b-8000-3e0b9ebdada3,16761029,
b. bumble & the stingers,822bdf66-846f-4c55-80f5-699c927c97fa,6433830,
baby's gang,f1eb1cfc-9cfc-412d-a08d-725cbdff87fa,29668369,
band,fe6b95d9-05ef-4481-bdae-2934896d0c23,4499,
band of gold,d368e15b-a22d-4317-9af3-f17bad70c2e3,2439958,
banda black rio,31b5dcec-0e24-4ae4-b527-bc6eed92daf9,9466530,
bang on a can's found sound nation,6482bb83-84f1-48d5-8cea-dd2b5c17ebd5,36484114,
barry goudreau's engine room,61c1240d-adad-481e-921a-e6008cecc1e8,3275647,
bastard sons of johnny cash,13a24cda-f2c4-446c-8f81-5b3d97a551aa,16228993,
beans & company,ba932978-9ea1-42ad-97dc-d8622a33a8ce,4487,
beans on toast,3f150b6f-8150-4f14-89e7-48d151632359,4487,
ben bernie orchestra,6f33f30a-c0ce-42cc-93d1-533ec488a082,3327664,
benassi bros,b6055de1-029e-438d-a7dd-f5a71485d1e3,10599980,
benin city,b72cca27-1e5e-476c-bafb-bc8e4bef461f,317744,
beto y los fairlanes,0fc32011-9259-44ac-910f-84c332debbf1,12635446,
bible of the devil,19ace165-0f5a-4471-b352-45d774fc65bd,8539,
big in japan,13ed7922-a8a8-476d-b265-3ccf6958e4c3,20514370,
big sam's funky nation,308d87e1-81bf-423e-bef7-5bf6392f2586,3419738,
bigga & bolda,34f6e14b-4587-4493-8579-3a9d96b97d35,2559322,
bill haley & his comets,99c9ccd5-517e-4879-b901-9574c9a8f29f,4528,
billy king & the bad bad bad,024cd046-d669-4ae0-8dcc-e8a0fd02a7f7,38385912,
bj the chicago kid,719af9c7-4ae2-477c-999b-52b04d74bc5c,41507014,
black & brown,11d26909-9df3-4405-999a-17ee73814871,4035,
blood and roses,592e08ff-ebfb-4e34-b372-1e5ef0a66368,8981929,
bobby to,efb8fc69-93f1-44cd-ae15-68a598860067,901526,
boca 45,3f60ca35-ec63-4cbf-8d64-ddfd68b58ab0,2952537,
body & soul,1c1e047d-e2e3-4379-8645-bc3aaddb8076,3788,
bolts of melody,2be1c189-a399-44a6-946e-0ae9adc80d4f,27076979,
book of black earth,03325ecf-a859-4704-a349-21010f437af9,351229,
boston symphony orchestra,e6601e0d-ac5a-4d52-bc0f-0b0b407bcd83,148265,
boy & bear,5fd196e1-7e48-4324-9dd0-fee2248dee58,194253,
boy meets girl,61c55260-dc65-425c-8f68-8ad2ddb792a6,4127388,
brian eno david byrne,9230aafb-0456-4032-8301-cf3cf0e93b26,81795,
bright like the sun,43fbadf9-d105-4e6c-9a2f-f55b21624aee,26751,
broadcast 2000,0b4e97e5-23af-4d1a-9cbd-898a8578f551,18922280,
brothers in law,0a44593d-b34c-4dad-893a-65be66ba2266,31158367,
brussels jazz orchestra,be67f8e9-474d-4052-8167-57ff3a17d10a,1601701,
buck 65,88a2da1b-c380-4167-bac2-88ab8628c46f,517953,
buddy & babe,89f071a5-2afd-4f2f-9fe8-601f50c0d8fa,3368847,
buddy guy & his band,35d8a0bc-b4a2-4bb6-8be3-cf77ee046c54,566989,
bugz in the attic,6854b88a-477e-4f7c-bbae-ab1e6c0ba0e8,1141902,
business of dreams,6e73c4d3-1bc8-41cc-bd8c-2e6755be08fa,44785,
camel power club,3a3a9ad5-bb56-4d4d-8438-07f4fc04f541,6598,
can 7,c5c41aca-462d-4fe5-94ad-af23f6c28267,208159,
canyon city,ac840992-5976-448e-baf2-85509c03d29d,1187250,
captain beefheart & his magic band,692a9b11-9c1c-4265-9440-fe7fb1f2bd71,63283,
carl maria von weber,b5421a96-399c-4a30-8f3f-ced76cb585e2,45190,
carnival kids,95f03aee-006a-41a8-95e5-d5c3f8550012,38483,
cary brothers,d4f8e70a-7421-4427-a027-32a9d51d0b3b,1837846,
catfish & the dogstars,ed6d2416-0fe5-4659-99a8-ff815ae966f5,47335,
celadon city,82f4cad3-8472-421d-b90a-68f0f1b7ac58,505315,
chain of flowers,cf0addb3-b75f-461d-8a12-58b8e7e2ae91,4576465,
chali 2na,fa60a944-e070-4061-8935-435af9ecf7bb,2435125,
chamber,731d2d21-228a-4b0d-8f7c-ec3337506dc9,527015,
channel 3,db099318-286f-4cf1-86f0-ced4fa7fe338,1567853,
chimes & bells,b6735dd2-4994-40bf-bdd2-a8f3a3be531a,102504,
christine and the queens,731c2203-1319-4811-afed-9a5fe498d741,42065772,
city,02820fa7-32f6-4541-ac11-60222760c1d0,5391,
city boy,3d571058-ed0e-4e17-ad6d-82d1c8fca285,34162814,
city of dreams,70ac5a9a-1528-4ced-843a-4422c6bccbf6,17007458,
clancy brothers,f9a45224-c900-44f1-9e61-ecdbc3dbae36,4016864,
class 76,82385be2-7a12-4a80-be9a-a4cbae19d22b,20099674,
cleveland orchestra,2e44f031-6193-4ff2-9b3a-143ea060022a,148692,
club,2b757396-6df2-4c3c-842e-770f762cc934,309136,
columbia symphony orchestra,030d5897-e64b-4807-bc9f-e94fc621d943,150691,
con brio,6fbbaf81-76e1-4a84-b11e-60e821319e13,23848284,
concertgebouw orchestra of amsterdam,fcc0598a-a44d-4d55-a6e2-883fb93f9681,254325,
construction & destruction,65ecced8-bf30-4fe8-8c82-430e6d16c68d,239038,
count basie & his orchestra,ecb8decc-8707-4257-a6bf-8afc3f400b37,68090,
curse of lono,bf98f1d0-f423-43b0-aad1-980bfc862fda,96310,
czech national symphony orchestra,c36d7459-285e-4f83-b282-d7814a2cd5e2,16248374,
dag for dag,ab156a35-a556-4c17-948b-7ed097a0ff35,483850,
damian cowell's disco machine,7523732a-83cc-4d5d-a3f0-f5c0a24f1f2b,34174270,
dan lacksman's alliance,36b28019-7036-4f3c-939c-9a6f6566c985,35623778,
daniel ellsworth & the great lakes,3d7b4c72-0720-4b4b-b4d8-96511ea5842b,36255625,
daphne willis and co.,263bbece-c748-4ce8-8cce-1937cabef805,37066892,
dave dee dozy beaky mick & tich,792945d4-bf42-4056-a0e9-ab4c5df24a4a,20949270,
daylights for the birds,5292485b-89df-4c47-b230-23a06c0bed76,3410,
death from above 1979,be511273-9148-4e90-a464-a7d0034823ce,30858880,
death hymn number 9,5542d0ce-bb4b-4b71-a59a-47c2eb6109c0,13756,
death of a dream,2c3ac9f8-d923-446c-aa25-4946145f8f96,44785,
deidre & the dark,1df8fbfc-9ab6-4eaa-a1ef-2ac06754e573,19251804,
del the funky homosapien,75b66321-3837-456f-9542-4023e56615db,582456,
delaney & bonnie & friends,8de939c3-776c-4616-b7af-1ca83a3125bf,32501349,
dent may & his magnificent ukulele,b6268576-36e7-4bbe-b41e-7a41432f6d49,20684900,
dexter romweber duo,27488e9c-3800-4895-8e0d-74d040d488e1,6897451,
die group,3caf0fea-8773-493d-afe9-e02b326f5777,73022,
dionne & friends,d813963d-2f6e-4e6f-9390-510af91beccf,20560218,
dj cam quartet,e5ac76e5-25da-452e-a1fa-1e2c2250a0bc,57901059,
dj jam master j'son,6452c34b-c62c-4c48-b294-1d1ce8491137,52733274,
downtown boys,3b4ed760-17b1-4379-8ec0-79c5be11b9f8,53104958,
dragon inn 3,dc998147-1e23-4346-8aab-affa715a7662,2533663,
dreams in static,93eb4cc8-2adb-412d-b06b-37c5718df3f4,44785,
driving by night,ab8fd1f3-592b-4bde-a3a5-a66faf7a44c4,80750,
"drop dead, gorgeous",aaff84fb-8c34-4c5b-91ff-b30381560004,6102719,
drums & tuba,6b3ff7cd-92c8-47e5-9ceb-13188aa56dd6,7950,
dub disco band,3bd42648-3e0d-42dd-a249-a2af2b6f0e98,7966,
dubious brothers,e58cc2d3-0084-41c2-890a-13b287b4c0c0,7327239,
duo noire,da29681d-958e-4dfb-a582-10fd6398b44a,923942,
echo & the bunnymen,e8877c65-0091-44a0-9e83-fd5029533add,238901,
egypt for now,5e7f4d0b-00d8-47c2-8c30-9a5ea94dc64c,8087628,
el conjunto nueva ola,9ff03053-6392-4348-9631-2a24e8295213,154677,
el debarge,e1b28e36-19f9-47d5-a105-b470ad68a359,1689439,
el gallo,94587843-9a63-44fa-9aae-5c712c039343,32871759,
el michels affair,d5411cad-4d7f-445d-bcaa-f1f58d74386b,57381617,
el mundo,e860ccb1-0dcc-4d0b-bf26-90eadf1f387d,539680,
el tule,ff6c360d-b07a-4034-9498-abcedef1e04e,5316509,
"elana james and her hot, hot trio",9e0c5bc1-eb25-475d-89c4-4c7222592858,6521957,
elastic band,66dbfbfc-cad9-4ef6-8b38-f9d262495fc1,182115,
empire of the sun,39587b20-a686-4011-b906-edc2a33d35f3,306530,
ephraim owens quintet,b0557e38-6b69-4ea5-8e35-cdf5f958252e,2684272,
epic beard men,92b5cbca-6cfa-4cbe-b4b9-add48fef1ddd,162110,
esther and abi ofarim,f9615de0-c6e0-4af7-9524-adb77da36df7,6906542,
evan christopher's django a la creole,54594649-b7d9-4950-b416-ece0975d197a,2716158,
eyes of love,21b549b8-6abd-4929-b30b-e3bebd37b5fd,54622065,
f & w,e7aa82bf-7c00-43ca-8d70-33b9c6248dc4,10831,
f for fake,17175543-1561-46d8-9ef6-4c671b4ad42d,1492011,
f&f,c77c1fe3-fedc-4a88-9e95-80888bfd53c1,10831,
f&m,081f7fb9-d233-4231-a772-a180ae212cbf,10831,
facts & fiction,54b2fb5f-2438-460a-8348-f7ca60ea1146,58617,
family and friends,7b270c48-46fd-4874-a200-d9ffb0feae5c,11315,
family tree,5a2034b0-6e2e-40be-84c2-0e9def92e0ea,169269,
fear of men,909257b6-c62a-4852-90c0-8bcb1fb79425,10828,
fki 1st,a0c34f6f-fba6-401e-b0b6-589b68800cff,54415034,
flash & the pan,765e46e0-b773-4000-a9dc-37b46d08a51c,39170,
flash boys,7029abc9-3131-4999-907c-34aa72c1845f,42355948,
force 1,9d209a58-d4da-47ad-a8a7-67fe36caeda1,49403568,
free cake for every creature,a6452fa1-6811-4457-bc0f-a69759f23bd0,53300240,
freedom family,4d95b284-f5d5-492e-bc59-d2d29a630aea,43571413,
french for rabbits,082f464b-8433-4442-98e2-431e2c4a8c17,26573,
fripps & fripps,f930cfb6-5cb5-487a-83de-4556ddbd9365,3879033,
"from ""the legend of billie jean""",6e2c7feb-fac3-4225-87c6-b92c69c07e85,2058218,
fruit & flowers,a04e77b6-03f9-4894-a16d-203307e2773f,10843,
gang of four,8496117c-afb8-4ffb-87f5-d6dff3e460cc,50441,
geisha girls,d9caad81-1641-427e-a105-87a47a31ee81,18617998,
georges & feuchard,3f48468a-eef6-460b-9217-61b2c024681e,282232,
get a grip,91790f79-f225-4543-a882-75b0a51eb3d4,523810,
get cape. wear cape. fly,224289b0-d32d-42da-83c6-af1e29242285,5918355,
ghetto kids,4ce3888d-a92f-4487-a72a-4e444a6fec25,92903,
ghost magnet roach motel,f2274fb0-84c9-43f2-8d0d-78852c63c7c3,21058,
gift of gab,b95542ed-d0e2-4423-9dac-3755d925eda8,6582367,
gina x performance,870d81c8-ff27-4646-a46d-75d4d3be6f03,14543174,
girls,7ff7a6f2-e809-40fd-9aa8-d283d40d2ef8,1723133,
girls choir,6be49858-fe25-43e7-9f7a-d3c7d74754f8,43866,
girls just want to have fun,18dbcb39-010d-4c28-b26d-738534748c8a,90139,
gods and monsters,d0bd36a9-dbab-418d-8489-8920beec56b5,18137434,
golden arm trio,ee531207-44b2-47c1-a7b3-82fae87ccfa6,17447171,
golden boys,0b7286e7-889e-4396-a9fa-b15cac278d63,37018211,
good night & good morning,d2730af1-21b0-4ef1-ad75-fc06bdd2c3d5,1474525,
grand island,edd604fa-6683-42f0-afea-d6c0310c1a40,439333,
grand national,c99d5789-f280-477b-9819-e4e277ae1318,74730,
grand pianoramax,afef7013-76ba-483c-9dc6-19cb82f70f9c,18634604,
grand tourism,47e1121d-5a4d-455b-b99f-47f4d75d5125,29789,
great lakes myth society,6c167322-e468-45f1-8ba1-d8bb4af37f5b,3809375,
greece 2000,9480abaa-0996-408b-86dd-05e09783bb07,19196669,
green milk from the planet orange,e5027899-d52f-4355-a50f-39f3a36a83d9,16095664,
greg kihn band,c89696f9-e816-4ebc-87b2-8dea196576fc,623751,
gregory pepper and his problems,2e95596e-fcfc-4bd4-9623-c4c28b1c8b64,36918458,
grupo fantasma,0cf0990a-f0da-47a1-aa8e-6fa3da257909,20977421,
gus cannon & his jug stompers,bb6f7e2c-ce8f-459d-ba15-947e841e68ef,174831,
hans gruber and the die hards,7216b564-44e6-48f6-9af3-87ad90aba95e,97646,
harry arnold and his swedish radio studio orchestra,27479031-65e3-4549-ab8a-a8af0ec7bd57,17973836,
"harvey mason, sr.",8f8a9bc9-870e-4de1-9420-b35cafbdeccf,2220469,
heart & feather,8f2405ab-eec8-4d96-93b1-a76e9dcba4be,36808,
henry mancini and his orchestra,8113c2af-1c46-43c3-ae42-e0bd6d74449d,51905,
hillary scott and the scott family,d692c55b-7fa1-4191-b2a6-3061af6ac8ee,23021870,
holland patent public library,b7addd9f-7892-45e2-ab1e-16302549db89,23273,
hollywood bowl symphony orchestra,c55d3f81-43b4-4713-956d-01e423fb760b,237540,
honey and salt,5b65878e-549f-4372-8288-e1de4f9d943d,14361,
hootie and the blowfish,eb5c4cf5-eb5c-42d7-bdb3-55383dd7d533,3655036,
horse + donkey,bd4d55ab-9cd3-47bf-ad31-e2e3836f82b9,55526,
hot club de paris,84a1f241-e330-4c37-80a4-17330a920443,6539794,
hot club of cowtown,2c190ba9-5bb3-4ba4-ad4f-1104cf8abb19,2892400,
hot since 82,18fce397-e3c6-40de-b9fd-fec7cb056d4c,42278814,
house of angels,a65d7705-b382-433d-b5ea-9d0268b88f18,12690211,
house of fools,726fb8d6-36f9-4efe-90b3-827b5781f83f,11828337,
houses of heaven,7b344ba0-7cfb-4d0c-b4b3-a2ae4711d252,13811,
how to destroy angels,17b01bbb-d4b9-492f-9191-d169878d1e76,27206757,
huey lewis & the news,8afdcfa0-bf1c-4e0d-8ed6-616a90c47ed1,423510,
hypnotic brass ensemble,b6b30065-91f0-42c0-abd9-5858ca1e078b,10001646,
i am david sparkle,9b49abeb-3411-4a3c-bc1e-f1366941201c,11322735,
i was a cub scout,5b07a104-8e12-44d9-8548-341108867bd0,403539,
ice & cream,b89267e0-964e-4507-936a-8b8d6d467bb8,14946,
ike & tina turner,7f6af844-a20c-49ba-9f22-a127699053c8,99900,
i'm glad it's you,a56060f9-d8a0-4633-b013-ba10faf1f121,2769677,
imran aziz mian qawwal,cc5a670b-30de-4b61-a53e-8f50d75c6751,1991657,
in camera,d0bb5e6c-9c56-4f43-aed9-68a95d667a84,52648,
in dutch,814b9eae-b467-46f5-90bc-ab4abcc2f973,8101,
in excelsis,fe07dc90-b061-467b-a574-4ac90059ba8a,56655241,
in mirrors,fdf6ce6f-3e32-4114-b367-9272f5d4c1f7,20545,
in misery,3f630b31-5b25-45f6-8045-bdaa5e36befb,2671118,
in the nursery,25078720-ca23-4a1d-af7b-1cedd4e049fe,1072127,
in the whale,f696625d-f57d-4489-bb7e-f5954ff1c7af,33777,
information society,f388a035-cf53-4a74-b5a9-9631f55e1c87,163901,
intuitive music orchestra,6cde638e-d317-4f38-bad8-6ba1ddf4d397,18839,
invincible & finale,4469821d-f58e-43c9-b744-3a03b89d738e,106201,
iron & wine,17c3a8ee-6f89-411a-b899-5da6f41910fd,14734,
j. geils band,68c1d433-1f56-442c-be0f-efad7ee29936,1672535,
jack & jones,5638e03d-cd37-4bf8-92d0-3b37cfe6bd6c,324118,
jade or,8a584fab-a81b-4907-8952-2ef61a67dcca,191395,
jan lundgren trio,a7579bfa-1dec-4e20-b739-34899704406d,17530637,
jay willie blues band,6cd2c09e-e68e-4e27-81af-35cd3a55400b,3352,
jc & co.,f4c03aa6-0899-413b-9af3-8b5eb8b8e15b,3733477,
jenny hoyston's paradise island,cfa1ca79-9b7f-4cad-9d33-069dc06744e0,3988430,
jesse saint john geller,c38230f4-c99e-49b4-afb4-ce6e1525f73b,57643079,
joan of arc,d5b0498f-ccef-44e5-8522-63a4c430a9e7,16509,
joe scarborough band,b4cb00f6-1369-4053-9c84-f43ce2f083a5,386261,
john fred & his playboy band,c907d239-1acc-4524-8abf-0472da4fd192,1763387,
john makin & friends,089df863-1054-4663-b609-524283c09f63,545505,
john mills times ten,52901f3c-b2ca-47b0-a7b0-d314e39ff4e5,153655,
johnny & the hurricanes,4cc60743-d5b8-4e03-96c9-196564d45194,1846019,
johnny kidd and the pirates,be0f0b78-263f-467a-a69f-c6c93dbe6139,914486,
johnny otis orchestra,dada8a93-f9d5-4a42-a98e-0b811ec8e65c,192024,
jon langford's four lost souls,3fcd565f-ae7e-4811-8582-f0f7da43d818,1897657,
judah & the lion,28eb322e-2536-465e-b964-271ddf04078b,16163,
just friends,60717b7d-68ea-4274-b31d-695e47417fd3,3154528,
k2 family,01822270-6500-4501-8c37-d693188c853d,10401954,
kalin twins,fd13c356-4e32-4615-84b7-1e9160f2af1c,3774841,
karizma duo,eef8ebe9-6297-4214-b001-d4746bc02ca6,9212972,
kc & the sunshine band,abd01117-fb81-49ea-8448-1e542eb1c227,435923,
kevin devine & the goddamn band,a31d0664-c1d4-4595-994f-93375fad8f15,3513070,
kid congo & the pink monkey birds,1034715f-dd46-4038-be30-02d6dc0d285d,5862,
king of prussia,52a4edcd-fe09-48b4-beac-231374c34ead,371248,
kings of the beach,a1fe162c-0459-423e-9243-75ade501ce01,11907702,
kingston trio,722d4ac0-5772-4e9f-a494-72e73c333572,56499,
"kitty, daisy & lewis",749b8866-0495-472c-9850-9075bb9193f9,10749779,
knife in the water,6bf5b664-96bb-4857-bb8c-9fb941c2c0d6,1249014,
lack of afro,fe34febe-5aeb-422c-a179-6bae023c4f69,59410592,
lake of fire,5883b14f-0028-4aff-a340-45e1904ce85b,13680174,
land of oz,e1e2c96d-a8bf-4fab-baf5-b91a14a3fdce,564239,
las kellies,19ab1810-363a-47d3-8dce-9711c45afdcd,52257346,
le raoul band,29c2da9e-8213-4198-8ffe-9a502c46b98e,1337067,
les baxter,87ec2179-accf-4a17-af48-27579667ac43,302051,
les claypool,466549a3-1f76-48e1-9c71-daed44230998,52770,
les pattinson,6d28461e-99e6-4fe1-8762-7d8f085fd65a,9290681,
les paul,db14bd30-9d4c-4a7f-8f06-b5f1924bba8f,145712,
les reed,0c79f76e-c993-463f-9043-a274ce5e9169,36012428,
les vandyke,c3190c7f-8ee7-405a-986e-3a4e79fcfe18,7177465,
liberation group,30f1ed7a-a434-4f27-9ca0-a8b59fc02417,1039380,
life on mars,3ec3b573-0c15-46e1-82c3-7f418255d1cf,463835,
link wray & his ray men,3f966a40-1dc0-4503-a110-c879d1163ce9,172813,
linus of hollywood,518f96e6-1243-4f4d-b6ff-8e2f0aa04938,16757836,
lions in the street,278c1907-1998-442f-9329-0515e8ec767d,17642637,
lions of tsavo,03154f68-1e61-40a2-9c18-1cdeac492a9e,846638,
little girls,dc88d882-8c3e-45fd-b361-70cf27136450,4832148,
lole y manuel,29b52932-cb67-4d8b-87ea-ac5705a01996,16448564,
london festival orchestra,a9eb7138-cde1-4f69-a203-e5bdc5d0214a,3753391,
london symphony orchestra,f16a97c9-bedd-458c-81ff-e93f2ccf4b30,156257,
los angeles philharmonic,a05050ca-c9c2-4ad9-bd76-9d442aea8e69,156261,
los brincos,6c3e6e4b-e1b5-4570-8177-87894579e943,23667770,
los coronas,0983fd79-b85a-43cb-9ebd-49ad89c19cf2,7839,
los de abajo,8b79529f-e382-42cb-9908-8709698f8201,4784876,
los dynamite,56b2690e-d118-4186-a70f-2676bba748dd,7402233,
los hombres calientes,6c430cbb-7981-4e2f-86f7-94ba99c78791,7238770,
lost in holland,58c59e10-221b-4bbf-bc5a-a10be9cc6aa4,13288,
love and rockets,334fb2ef-f240-4468-9a84-12aa143b84d4,162141,
love from san francisco,c4055075-736b-4eb9-a2cc-075e1a8f7ddf,49728,
low budget blues band,9258fed4-8f6b-417d-aac0-06d76e976574,3352,
lyons & co.,f3d005ef-d098-4240-aab5-1b6b6e611cca,8638634,
m & b,d7220fe4-aba6-4284-8f5a-857cca881f30,19191,
machines of loving grace,8cf4b5b0-0a76-4b53-9e95-00696cc63c97,1479465,
maco mattox (og maco),a2637a31-6f4d-4fab-a1dd-c80ba1c454eb,45432981,
made in sheffield,b6b163a6-3069-4c0c-9430-4b228d74abde,2190244,
made of oak,ac54bc24-cbf2-4553-89ce-86764a16259d,39696,
magic & naked,f6b9a962-9db0-4aad-8888-a51f72824999,24837836,
make the girl dance,bef3eeb0-f0ba-4e86-a59b-3bc6acb21542,7885,
"malcolm ""papa mali"" welbourne",1a72c993-5541-4b48-b0b5-9f94020b2637,6416264,
maldita vecindad y los hijos del quinto patio,b06b4630-5e1d-4f2a-8260-b9fb7442a8b6,3010412,
mamak khadem ensemble,7e17d8e8-2871-41d7-9935-554f2fa31f94,54528694,
man is not a bird,bc544462-a51d-4e54-afe3-8ae82e93e9b2,23767055,
map of africa,459cac0b-d51f-4f35-9aad-776a66fd2b2d,5334607,
maps & atlases,f1c206b6-9a4c-40c5-8d6a-bb8cfaa868af,19877,
marathon men,6a045bef-f264-4626-9f2b-9d8551e72ba3,49132,
marching band,fc0762c2-06b0-4cc1-8cfe-591e385f8ef2,39748,
margot & the nuclear so and so,84309ef7-3e7e-45b6-984c-7a1d5b1909a9,1192414,
mark pickerel & his praying hands,77a44d0b-4dac-41f5-b1ba-9dbe93dd91ca,4375996,
mattson 2,6363131f-5efb-4753-8e64-753d0a0002a8,4553735,
me & marie,395ffe32-2f0a-463e-879c-48d43c3e2850,225046,
me & my,09874b9f-baa0-4b4e-b2dc-56298ffdf501,225046,
me and my brother,7ceb900f-8785-4f97-a24e-12f2df37e9dc,5891761,
me and you,b078fb2c-56b7-413a-9ba1-fa89e70b189e,6137665,
melissa auf der maur,9e45758d-9eb9-488a-8582-dd7c0eeadbf0,142687,
"melvin ""wah wah"" ragin",62f9b24c-70e4-420f-a2dd-63b31ff0a279,19909537,
memphis jug band,5960ca41-a012-4bea-b773-26e784463ffd,1612420,
message to bears,047f6fda-48d7-4859-b47e-0a2560198b54,4400,
mexican mariachi band,7eabb058-7e8b-45b7-8c3b-ca75849e9724,363675,
michael zapruder's rain of frogs,702d304f-5596-45c2-bd25-0662f8ea5981,10525016,
middle of the road,eb6ebe20-991a-4dcb-b12c-1d15aaeb3d23,19094611,
mike and the moonpies,5f69da0c-f4d7-4b96-b42c-762108faffc6,56618077,
mike nyoni and born free,f28f9421-3b4b-49a2-8959-caef07fbf130,57970520,
milk & bone,8b5bbefb-47c3-4729-abf5-bef0c6d7901b,19714,
minnesota orchestra,76d45eaf-7ca4-4fac-9fdb-f26ab6798779,159967,
mixtapes & cellmates,d0fdd44b-9b38-42ba-9851-069a4e620002,18934994,
mono & nikitaman,ad68b960-c136-47ce-934b-53f331a6d4b7,100830,
mono & world's end girlfriend,9c304319-b7ac-4d89-9de9-fb6ffa66d9b9,100830,
montreal symphony orchestra,5c34daeb-d8aa-493d-8093-364f69a3ff3b,156915,
more or les,5b1910dd-8a31-4fdf-b735-d6ae4d65a60f,20731580,
mormon tabernacle choir,2275de2b-c7b3-4ddf-aea5-52b256189eec,102562,
mother on mondays,86955cdf-ee40-4ca5-a515-6cf953c78c62,54406,
mouth & macneal,f4a7b6a5-f6e4-40f2-8b7a-72b91232f188,9293603,
mr. & mrs. smith,f0928161-8946-4ede-9a01-119861cc5ea4,26998579,
mull historical society,53d0b231-1de2-4b8f-a95a-ecc7fd42eded,410328,
murder by death,d45a70d3-1b81-4398-b523-c7f58d8333f3,725468,
music band,e5c54922-be9b-413b-8c6e-5c3d9866a4ba,4499,
music for pleasure,2c2e1fe4-ecd0-49d1-ac54-ffd742d452dc,377501,
music is the answer,d4c0ac55-1646-47ab-8e73-e0277b479d2f,50940640,
my baby,f4624195-b721-437a-b872-452310e80599,2474836,
my bloody valentine,e09a2e80-31e8-445d-a4e6-163aaf152cd1,20377456,
my gold mask,5399e4f0-3446-443d-95ae-e256b78fd826,247083,
my latest novel,1f2add80-554e-4999-b521-daa0c573975f,6028303,
my life as ali thomas,c9c9605b-bf70-4a0e-a71e-37cc9f44a053,405374,
my red + blue,b25198c5-06e0-487d-be7f-c5a3f52272f3,25825,
my way my love,b5772e0b-1802-41f9-a2ce-ed4ce1b19be6,5580707,
myka 9,8a90df9b-c3e2-4089-8b01-f40e19bcd41e,16016181,
mystic rhythms band,8c831727-611e-4259-9882-99a8025b2b4e,22040917,
naked city,a87b150c-6095-4ef1-9a87-9a2324f25026,4855008,
nakia & his southern cousins,2937670f-f0c3-49f0-8905-b5bd7c6af1a4,27347538,
nanook of the north,360e9e60-bb19-4948-b514-de24a35f6efb,21174,
natalie portman's shaved head,bb9c4dab-b8ec-45d8-9a90-a017bf3d2aed,38459,
nation in blue,b03b07c2-715e-4cc3-889b-98f70d8b896f,4543,
nation of language,5478953a-a067-4c23-aeee-4d01e988fd98,21754,
nbc symphony orchestra,33517cf3-5f04-454f-814b-1c94809f0564,150698,
new bloods,d5af694d-fcec-4c2f-8dfe-c0520ee4fdc1,232216,
new found road,9fc43f7c-d7d4-458d-9edc-72dc00939cc1,25897,
new hands,904b4909-e670-4b5a-96db-39d22c203ba4,19166474,
new id,60959dab-639f-4eae-b8fb-2a36e771dc94,224193,
new model army,20d1adf8-3371-4644-90b4-461e24151493,181149,
new myths,7f1b4e0c-f76e-446b-8d2f-09997b1c36d3,24698694,
new natives brass band,ac845d0e-f87a-4438-9af7-afc7abe8e207,4499,
new order,0ae85d39-0d91-488d-80eb-ad8f66c439cb,1590603,
new portals,ab17f230-ac9b-418a-aca6-a9db1df22c22,344589,
new roman times,8b9140e9-0046-421c-b0db-3b1f29bd521b,727443,
new york city queens,0eee4b8f-3bc7-43d6-be5a-130db5908fac,45579,
new york philharmonic orchestra,67a0415e-67b5-4690-a9cd-b258b74c208d,88849,
new young pony club,8180a7ec-4981-4ce2-acc8-ceb4efa24ecd,21294852,
news on the march,dadef48b-4920-40ff-8bac-4ec4c2077ceb,20781999,
night on earth,6973d862-7970-44c3-aaff-9c372ec03df2,2269393,
night terrors of 1927,0f8d73db-6464-4a35-a577-e5ddd5774c52,45464876,
nina las vegas,3455520a-471e-42d2-b667-8308f9be5813,45406173,
no kids,32502f3b-658c-46f6-bca4-85df7c7b4ad2,33719637,
nothing for breakfast,6d365352-c2ed-4f46-8b95-4c2d432389b4,68768,
"nothing,nowhere.",ede8a0ea-9baf-47d4-9fec-3a50e3e876e4,55145826,
november group,9db2b949-1fc7-4694-a8ea-405768c8db53,21245799,
now on,e448435c-8d5e-42b8-a754-2c2f99f6805c,426118,
nuclear family,3c1c3d7a-85e7-4997-80e4-602d1ad600d0,193132,
o & mina tindle,390a8f92-eefd-4d8a-9c49-1df09233237f,22314,
o + s,6bcf739f-e1a6-4f26-a6c3-abc6672635e8,22314,
of monsters & men,872458ae-61a8-4d53-989f-237aa097b38d,65071,
of montreal,bc8c3c7e-ccaa-4ff7-b119-73ad5cfa52f1,7954681,
of the wand and the moon,122d2fe7-e660-421a-8254-26c47856bf5a,349575,
of verona,50f155eb-51b8-414b-9daa-e52315e94207,263991,
oh no! oh my!,da6681f0-fa71-473f-8e10-92662cf9f68e,32989565,
ok city ok,7ab0615b-4812-4ade-a338-60f7179edb9e,167097,
or lieb,3446ef96-f2a5-4003-8228-0b443c924deb,5275674,
"or, the whale",46ad066f-187a-48b4-b552-820e28a5ae29,33777,
oxford & co.,ef991dd5-560e-4a4f-9495-fe47248ffa46,22308,
p.k. 14,78dca3f6-8cda-4490-9ea9-53023a8885f6,25066730,
paddy o'connor & friends,a361b637-1f75-47ef-aa13-4cd6b0b4e8f1,19474234,
paolo achenza trio,8279aa45-3c62-4248-868c-9b30679f237e,7869602,
part-time friends,988c345e-ddce-4ade-a0b0-6931a8dc2ac3,11315,
pat metheny trio,bbdfbc07-0719-4932-9dc6-8cfcdbf3a3d3,289997,
peaches & herb,160126d4-2eaf-4b99-a958-15343cd7003a,51257,
peter and the wolf,9a227345-4fd7-4550-abb9-17f25841a829,365850,
pets with pets,f085d463-0213-4802-b08d-84d7e6845c38,25079,
philadelphia orchestra,be5884e2-152c-4e40-ba78-0f0b0f872785,156272,
philharmonia orchestra,16cfd2d2-e75e-4a8b-85ad-c9919ab50216,160000,
plate full o' blues,2a6ca4a4-c4c0-45ee-b3a8-dfd7c4f0ce46,3352,
poet in process,89914d4d-0662-4ac5-80ef-d0e631d01b1d,20069528,
power of zeus,d5c2459d-995f-42dc-8fc0-554c7e4bb0cb,34398,
preston shannon band,ccaac811-132f-4c8e-bb91-49bdcec9854d,43222831,
prince & the revolution,ca0dac78-19b1-4da6-b4f9-c6ad82bb102b,51511,
ps i love you,4282d4cf-578d-4dd8-a2ab-ae1dac34b909,24237,
radio b.,68e0ff44-1286-423c-98c1-0bd3175bb9dd,15368428,
rae & christian,64cd914c-5e1f-43ec-8376-6866be2b2c5c,1350403,
rastrick band,4e0c99dd-5f44-4b1f-8be4-8f3b5dc7aafc,152318,
ravens & chimes,1ad0ff23-e140-4995-9745-959b9d56e3bd,26151,
reef the lost cauze,f82ad7bb-0840-4a15-9991-9b6e855c5553,6404177,
revolutionary army of the infant jesus,2cadd0cb-ee5b-46a8-9170-22216e69e162,53979976,
rhythm of life,380e4f02-df03-4980-8d5d-7da603f3ad39,17175972,
"robert john ""mutt"" lange",373567d0-3594-4909-a9a8-cd5e32a995b7,218796,
robots & balloons,b572c92a-fc42-4432-b010-e4f8f11e1820,25781,
rome is not a town,8da1cea8-bcfd-4484-8261-3e370e58a991,25458,
ron van den beuken,80fb7878-fe79-4ff0-a5ed-7c7359e5e8f6,9979164,
roots of thought,ecb226b3-493d-4642-abc6-5c92a0df39c9,37080,
rosemary & garlic,cb64c9c8-6813-4078-9a0f-b5e19bf3298c,25484,
royal blood,92d4140e-ac4f-4e99-ab21-be7bfa5285d1,10349771,
royal concertgebouw orchestra,2643c840-a415-48ad-aa25-e931974c991e,174536,
royal forest,1f161172-83aa-4db9-952d-747627a2dadc,1112702,
royal scots dragoon guards,59dc868a-db73-49c2-afce-6ce974298c1d,383415,
salvador santana band,15f0610d-8050-431e-98f1-fffdeaf929e6,5194587,
saulpaul all stars,35e2fffb-a5ed-4522-ac42-810c1597bd08,32350890,
scotland yard gospel choir,f5b91db4-7e92-4e2b-8409-4f23455db16e,18530371,
seaming to,e1643899-6878-4a3d-bed8-e16c63173125,13698928,
self-made men,e7f1efdc-a504-496f-b283-4de9d4a13b73,3255111,
sex with strangers,d28f2388-0dc1-4be2-8478-170f4b8cc7b0,53515492,
she & him,bd18a20e-63b8-4992-a83c-6517dd69a55f,330814,
she drew the gun,00f801bd-1201-4472-b91c-7d7c465e6ad0,60552216,
shell of a shell,b6bb282c-c783-4a69-a40a-59c2a5fc1a41,28273,
shovels & rope,29d90e60-98d4-4c1c-917b-f2be16bfb196,192438,
signal to noise,cc2cc37d-7bd1-44f3-9e57-f0d6f5d62a20,30988933,
simon & garfunkel,e521ec85-2abc-497f-a972-7954527ef6f4,182295,
simon park orchestra,fbc25b98-1f51-4244-8495-7f1bb35b90f7,2639390,
sisters,68ed4718-3d96-4a3d-bf45-dd5ada74041c,4098466,
six organs of admittance,586d028f-07b1-4a6e-8b53-fc73daf50236,4169474,
sly & the family stone,90f35970-b878-4c80-a93c-eedcf066de26,1395847,
smash band,29e40a4b-e3ac-466d-bf88-c2c60e9f3466,4388363,
snake & jet's amazing bullit band,a05c6d1b-ecd2-47d7-aa36-e8ecffd879b4,29370,
sniff 'n' the tears,af259b54-1ae7-42e2-8355-124896035a99,1136942,
social club,fbf87a31-c6a7-4ad1-8a9b-fab53ab8af3d,3431339,
some kind of animal,ce78f08f-8358-4e17-a089-90c1d5c8ff80,11039790,
son of dave,1096f1f3-bb43-45df-9ceb-67cf3f2f56f1,4747939,
sons of albion,48bccd31-f9e3-43bd-b56e-43d4c507563d,18951002,
sons of hercules,2366ec66-218a-42da-a919-6ff72ae70308,13770,
sound of jack,b668b372-b07b-458a-9fef-1c2df5e163ea,324118,
sound on sound,6cb9b222-0f7b-4578-ae4d-48ebb17cb2f0,5091715,
sounds of life,8cc54a7f-f429-4eec-a5c2-1a32a971235e,18994087,
south austin jug band,9e91d1a5-d360-4a6a-9ecc-d7ac269ca8e6,59019,
space brothers,e12730fc-1f8b-4514-bdea-eda413b9cde6,5452285,
spear of the nation,1ff74be9-0a4c-408a-848a-c11a6d0f85ed,29234,
spirit in the room,fc878651-b0e8-4a60-acba-f74ef7472b0c,38339203,
spottiswoode & his enemies,7a49cd51-740e-47c0-a9e1-da512d7342de,7806122,
sprung aus den wolken,369e0866-889d-459e-8457-aa9fe1b07be1,9760419,
ssali moses bebe cool,6465ce3f-cb0c-4e63-b124-64084c6302d1,8663799,
stan tracey quartet,299a2b8c-5c98-463b-958a-d151974e446e,1954499,
state of bengal,111c4455-f74e-4152-a276-caa3b757f48b,3377728,
stella by starlight,e4dcc668-011a-4206-b1c0-9da6a7633782,18188826,
string quartet,93c9c4c0-f010-4951-9b4b-a8f11e60b8ac,65417,
sugar & gold,26b6341c-a465-4ea0-9f1c-e01797901de9,27712,
sun and the wolf,460ae7ef-4214-4074-8ec8-f1cc19937ada,26751,
super smash bros (ssb),c2263bb1-0742-4720-91e3-7f12d839ed16,29049,
surinder sandhu band,8ffb1b1e-e912-47f1-ae16-e27b9fa7e489,20438833,
sweat band,b08a329f-b04f-4978-8055-abbc0c016a52,16493223,
swimming with dolphins,ad662740-cfe8-44f7-b70f-6168f2459a88,18438785,
sy ari da kid,7561964f-48b6-4370-9bc4-1c90014ee4f7,50907569,
sy oliver & his orchestra,31fe95b6-4e8e-46b8-8270-89a6ec34df44,1210589,
"sylvester ""sly stone"" stewart",dc7a2a56-c49b-4d7f-9e78-bd5df2126e38,165887,
symphony,267db619-f3cf-44ad-81ab-3190c631dd80,44114,
t2 the ghetto hippie,e93e8eff-274f-4573-97a4-40db8923b855,47646,
tab the band,1eff74ea-d835-47e3-864a-01ca52114a4a,599979,
takt 3,f6ed5a8b-e2a0-4dc9-a96f-5a16b31edfbe,53114366,
talisman & hudson,e10a0743-a45d-4df8-b19a-14574830a912,31342951,
talk in tongues,e1ce4e8f-c72b-49d6-89f2-169ee5e2dc26,55999,
tarantula a d,cb71c5e2-f410-4cb8-b6cb-d70bafee3776,18581082,
taste experience,313db634-72cb-452f-a17b-e1927639747f,21282070,
teach in,36de972b-f113-4f5a-8500-a1aa539dc9b8,1820144,
teddy wilson trio,dbcd105f-393c-4e48-bbb1-f57f6d761676,471933,
tek 9,c6825ed1-6379-4833-88ea-9b905554a0b5,3469977,
temple of angels,d3fbaef6-cccc-4dbd-bf6c-8439f92e11be,19404136,
terminal a,5a21742f-d7b4-4a17-83be-59e55e015a91,41892,
the 1900s,a30340e1-8c37-4a2f-b197-f4e84d180f08,19515568,
the 69 cats,0eb98203-d34c-4963-913d-7ddaba54b6f5,6678,
the 757s,16698d79-4b3e-4c3e-bf6b-4225ec22b391,35113,
the aces,bd6504b4-c156-4cb7-b33a-00f4b2822920,142293,
the acorn,b95b236e-56d0-4e18-b3b8-4a99cd50a716,922939,
the adored,d1337ced-8c51-40e2-81ed-d44762995332,3823680,
the advancement,4680c5f0-a9be-4b12-ac95-187e62377308,2628769,
the a-heads,98127082-fefe-4c0e-a4c2-59cc8a572b5f,1209545,
the alohas,ff1ca7ac-8199-4b59-9875-5bad94c5ddb7,532782,
the americans,e385994f-a36a-4449-9973-ded60d9aace2,2596368,
the ananda shankar experience,410e80db-f103-4b19-be43-f252448b40c6,2855804,
the andrews sisters,3cca313c-63aa-4782-8403-a2db52ea06d0,162155,
the ansible,f3323ddb-fa0f-4c72-a61f-d95a7c146256,2106,
the answer,640ceb8e-cec3-4a07-a960-575bfebaf989,21549597,
the antlers,0c252983-eb9b-4f89-be9c-39cfb03ee3c9,57500,
the apostles,82d26e98-0c5e-4c35-b7f8-7de259d0aaaf,31663216,
the applicators,ef3ebb95-b6d2-4961-b1fa-a7110a7cc30d,9633573,
the aqua velvets,a15037fd-3492-4586-bb8f-75d4b6964d81,15853583,
the ark,f6eab8ad-12b9-42b3-a615-b9966a6e5935,2087,
the arm,73c7318f-fac0-44eb-9073-c7c90395a534,53238,
the art farmer quartet,38750ef5-1dd3-4620-9235-5d1ca65a971c,310414,
the artisanals,f59294b7-3ff6-4efd-aefb-5017bab64470,426433,
the as-is ensemble,c456b859-5906-4a95-9552-36c81e8fc1f1,184523,
the assembly,ba56a78a-c4fe-4739-8ce9-d5c4c64ad023,910615,
the associates,b13e4025-a03f-42af-9113-cfa97d35b4eb,4131258,
the asteroid 4,0188901f-c813-4643-a822-02c54b7db4ef,791,
the audio god,f43044bd-b50f-4380-870f-58e69849fde9,5042765,
the auteurs,0c340a76-bbfa-4a49-9537-93f6f9b566d3,18932581,
the awakening,ab93cdee-1935-4260-9d5d-5c3e063c21c4,919176,
the baby namboos,7160d43d-1b48-43e1-9c55-54cd47e68135,16769884,
the bachelor pad,51274bc9-dcde-4844-8c24-473bf7e0434c,28261360,
the bad seeds,5bb3cc13-6d3a-40d4-8711-6b5af1893659,190433,
the bad trips,519d411c-871e-4974-a7f4-c12f3a2e6340,99398,
the badgers,9cb2cdd9-d7dd-4e52-a6ff-4cb0f7aa8237,290462,
the badman,c690ddcb-9a92-466d-bf6c-594ff52a72dd,32960113,
the bambir,6a588b9f-7e49-48fd-aaba-22e6ed8a6947,3605618,
the bats,f8fc71da-90d0-4852-912c-8685bf3d46a9,23538713,
the beach balls,cc00df3c-2f63-45f0-82b4-a7b177915882,855214,
the bear,aa7419d7-512f-4d36-8fb7-66ba627df151,4400,
the beat,63d471a6-11c7-4c20-8e99-f1eb02cbdcd7,49798,
the beauties,65e7769d-2d62-4677-b596-0e24b409f720,25116057,
the beloved,0f5bdf04-fbd9-4f93-b2f0-616564f200ce,294348,
the big bang,fb7e8df2-8276-4794-8509-8134be1d3435,4116,
the big noise,ad3f25fa-3221-4a6e-b978-26ed78e3fddf,41546526,
the big sleep,38808f47-8473-4ca4-943b-f987398c27dd,68348,
the big swamp,0315c36a-d503-4365-9041-c928638faa88,86359,
the birthday party,a3edfa8c-6464-41c9-9904-9c7730551e14,659219,
the bishops,4cb2c822-ee3b-42d0-af9e-bb5dd3318f4d,4092,
the black,bed28bcb-3797-4f00-a352-8e00447cb685,4035,
the black & white years,f525baf8-3d11-47e1-8134-0354b73a4977,4035,
the black angels,7c3efea8-0dfe-4129-8567-2f968f561169,1444159,
the black atlantic,81c2d9ad-04a1-4e35-a8b1-b93a9c8a15c7,50354770,
the black cadillacs,45ced1fe-b91a-4c8c-a8d6-3e960a45dead,50063473,
the black company,37b7e2db-1fdc-42bd-bac7-c852b6112236,3417692,
the black country three,9adb1613-bea1-4de8-823c-1a8349b501fe,171131,
the black moods,714a605e-e3db-4c25-8de6-fd6be732c00b,4035,
the black skirts,57d98f42-69b5-4f0a-a909-cc8107bdf328,33860672,
the black watch,7a29ab0d-09b6-4298-8d7a-53dc94fa7475,183233,
the blackhearts,1bcd555b-6484-4b7a-bb15-a2fbade8c0bc,723879,
the blades,0da40b90-a61f-40a8-b401-048f46af27ad,315320,
the blancos,64fbbf33-3d97-4c36-a78e-29761e218f11,5507773,
the blind owls,8b89ab11-d68a-4e2c-bfe9-934ba0a8996a,946500,
the blind shake,b29e3f73-674a-4674-b5a9-07792efd2ea3,52340164,
the blind suns,f1c1d11b-90ad-42a7-884f-224744da0db2,26751,
the blood,4b4e741a-85b0-48f5-ab9b-2e0650a4e9f2,3997,
the blood lines,32931395-af6b-4db8-a797-473d3f3ddf46,3997,
the blue bus,23eac39b-a703-41de-bf0f-478469e45eec,8014343,
the blue flames,118f5e0f-3dba-4a4b-8710-d6d4357fd084,442313,
the blue nile,ff361513-1ade-40c5-a2ae-220a2df177c5,158338,
the bodeans,319153dc-4fb7-49fe-bd55-75d154e007c5,1291995,
the bonzers,6437beab-2481-4d62-9b7b-80b2981f19c5,4396336,
the boston pops,0271fb45-35bf-4780-bee7-0a0024c101ef,5387058,
the botticellis,4fc7a926-a862-4395-9a89-a9bbba559b25,19960699,
the bottle rockets,2e6863cd-5a51-4834-8739-fa1131f4ae62,524139,
the boulevard connection,6ef26856-919e-4b5e-a36e-eafb0bbb4612,2952369,
the boxer rebellion,86a4e31f-9052-41b9-9393-2730cacc3ec5,60520,
the boxes,0cfea828-cd51-45a1-ae4f-7fc567cab0bb,413522,
the brakes,38b296e6-6d72-41f7-bea3-9677099adc82,65423,
the break and repair method,7e0c2bb9-1c32-4d32-818b-3ac7291e816b,12065198,
the breakers,9c1f2871-932a-4057-9711-0e860c226336,564484,
the breaks,3f2901c7-9a6f-4a0a-ad41-38d3ff806db7,10724579,
the breakup society,6ca5a2c4-117e-4641-adfa-fdc32fb33748,37235,
the brite lites,4b0522f4-2289-4dcb-974d-b86a9334d82e,3969907,
the broadcasters,bc1acba9-a8b2-4ded-b986-9381e0efa2c1,10164705,
the bronx,cb41e8bf-dcaf-4188-a146-e4cf7e7f55fe,3338,
the brooklyn funk essentials,16c295ff-d868-4338-a79d-373dbd1d9fa3,3735093,
the brother kite,640850ae-8c0d-47a8-b812-a5ba150f658f,11100,
the brothers,89d5e618-eb24-4474-a049-f53000f607ff,707167,
the bucketheads,562eea84-bf84-4e04-b86f-96107c3bbfa5,21244303,
the bunch,6ae038ec-df60-4130-be00-a2c6d876f82c,6843267,
the buoys,028086f7-0b1a-497e-ba51-2c88468131b5,145773,
the burning giraffe,4b7d684a-c98e-4e3a-a6ff-8f93c3c4af37,5082562,
the business,bfdf3db1-6502-46fa-8756-7284b1558f98,39206,
the c90s,21eda517-0768-4ada-aff1-29827c2f81cd,34828,
the california honeydrops,941122b7-81c6-47a0-85cb-3378a6216943,20824982,
the californians,bae8e7e7-bace-4f60-a223-650f127c4307,38244518,
the candles,403bd147-4091-4e83-86c6-94ec2a1d8ede,44017,
the cansecos,e57fde13-0311-4b41-872f-274443c6e28d,1064172,
the cape may,afc76117-c75c-4ab8-880e-a8318e961aed,504051,
the capes,a67bb1fb-0d7a-4c10-aaba-51b054ae7e04,25290772,
the capitol years,4a83b0c4-a3cd-4456-a9f3-df4edd25e8a3,9132028,
the caribbean,636ec39d-1862-4fa3-a8ed-08c3d5592f30,18956035,
the carolina tar heels,518743d6-cb3e-487c-901d-37b1c97c2dcd,764571,
the carrots,ade76048-8cde-4266-8856-3f24165cd1b0,5985739,
the cassettes,33bf1dbd-e85d-4c2d-b4fd-2ea5641da4b0,156703,
the catch,49da3626-cf61-4868-bd5a-75b2e68c0317,9067301,
the chameleons,70a30bfe-ec8c-4807-b1e3-91803e554c37,175442,
the champions,d8ae824d-2993-49d3-994e-280553fb60e3,1075851,
the changes,edf77db2-841d-46b0-802f-0d8efbccef40,1334289,
the chap,f5a91780-b9b5-4b5e-b77e-91db53951d03,1067631,
the charge,86a4927c-c6a7-40a2-8ab1-a31dc2943abf,6439,
the charlatans,550a4a6b-5981-4fd7-85a9-ed820ead15e9,325961,
the cheek,f1c52d2c-bb3b-4176-b8f2-3eacacd9e527,743997,
the cherry boys,4496e722-3841-4228-b7d4-f3f56eeae6b4,24079335,
the chesterfields,0526c22c-1d68-4f48-aa74-c28793fa4405,148950,
the chevelles,f3d650cc-e6b3-46d7-8c32-8721ec527a62,43605156,
the chills,89e541c3-2e61-4151-a999-64372e53ca41,532996,
the chips,9ad22999-63eb-4681-b961-cfd3a67ae05f,1136628,
the chocolate horse,c73ad621-b756-43df-96dc-dff789221fc1,7089,
the chumps,6170c156-074d-427a-a0e3-96b06dbe2af8,27080817,
the church,47745137-0a3d-4945-b9cf-9df927e32119,698775,
the cinematics,6f9a3176-77cb-4d11-a497-030b08e12189,30953420,
the city,168e0b8d-1c23-4d2f-be62-ae8a5c0de838,5391,
the city lives,64c1aed2-835c-4e69-94fb-bb580fbb0059,5391,
the clams,6690cdbb-1f19-4507-9551-5a2ca001dfbf,55528,
the clergy,eebd26be-9b66-485d-b6e5-824007f5343b,50405,
the cleveland orchestra,e78b3fc7-bc0d-4ad6-a7ee-18b4720d182d,148692,
the climbers,004e6f16-5297-4ba2-9abc-b19f3dda0fcf,43167499,
the clouds,35b4a09d-a4b5-4afc-9212-6454357176be,157337,
the clutters,49ff5e4c-495c-4043-9b98-38049ad27151,1648227,
the coast,36f98b21-68da-4ab4-9762-40eb7b1434a1,5236,
the colors,db3ede13-b7f2-4931-b3b6-f6e974d6e7d8,5921,
the columnist,d5171de6-2ee5-4c24-84bc-9b14c8a06da4,437090,
the comas,f28b9c4d-ad30-4fe7-a6f3-c6aee6cf1577,5721,
the common linnets,cf8af44f-b3a2-4cf4-9635-0c5a07808988,361053,
the commonwealth,d3bf945f-15cf-49aa-84c1-65eb47dd978b,6766,
the confidence,b1d49488-ba92-4b51-b123-6ddfb0f6df88,2973525,
the connect four,500cd476-141f-4b69-b60b-6e96df833621,294075,
the contenders,daa3b563-4640-4b6d-8921-ed1a4fccd9ab,4722982,
the contortions,7380e487-d52b-4bb9-8551-8703001a5cb2,206821,
the coolness,ef185022-4795-42e4-9f24-1e55d302d975,4175379,
the cops,e8bc0217-9f45-424e-a704-c3eb739bb90c,17108695,
the coral,e52f8822-5970-41ef-9808-390f28145857,47700,
the corporation,e18481ae-cacc-41bd-b5d4-4708e9c67f42,7485,
the cosmic,65cac7a7-6b1a-4730-a31c-a4ee69d80981,3748235,
the coydogs,bc79ed40-8fb5-4956-b767-0488ff82dfc0,1576446,
the crash,4e758b0d-04b8-4400-98a8-3d2a84b04cf9,1072194,
the creole choir of cuba,21b92067-af7c-4a85-ac79-1cf4639ba49d,27417048,
the crew,1d1c1a96-43ed-44dd-956e-761f6b8746d4,2017599,
the crimea,7e5d87f9-4051-4ce5-ba31-4bcb48d6f1f4,163045,
the cringe,38dc2256-a7cc-4588-bc56-8cd44fe8c610,47346632,
the crocats,d5cbf4d3-ef4c-44f6-a15d-32da2e7488db,11186850,
the cuban cowboys,372274b7-6bce-4bbf-8d12-183e0c7e0759,167744,
the cunning,a29318c0-1459-41b7-8172-ad0504152844,5054826,
the curls,958ee9f5-7472-4356-a287-6032bfc13565,4892871,
the cynics,a82115d0-9577-4560-9687-aebed2b2f24a,36995294,
the dagons,8d4fd9b6-75b1-4394-91b4-f2dc23698d6a,106339,
the dakotas,a5201a7e-90d5-488a-9896-e62c6008197a,452790,
the damned,7634f22f-9e13-442e-aa50-a913c59b2c3f,1434315,
the dance,6b9f5b9d-bc78-487c-8558-2bd292573fbe,7885,
the dance party,615e11dc-7abb-4967-b17e-008a048a61d0,21131469,
the dandies,2b7c31e7-9cbd-43d9-85f2-5e3cf9913df7,31122213,
the dangerous summer,891bd13b-561e-4244-96aa-daf17e2d1455,420142,
the dansettes,53a14037-7baf-4eea-b43d-dc290a1efa15,9236315,
the dark,da03749a-97ed-48fb-8c7c-4e6b3f85f7eb,5592052,
the davincis,d7e53511-1932-4044-a2ef-029cab7da925,47989065,
the day after,1acdb15d-1d25-47bf-886a-68880277b43d,31607,
the daylights,3c8d9016-db33-44e1-bca5-8667961eb630,2301573,
the dead ships,b0a1ebb2-be7c-410f-871e-3652f46c0218,27008,
the deadbeats,b0ce50b6-3028-43d4-bedf-7668420fbe84,14364911,
the deaths,16dc2308-9f21-4cf8-ad5f-9437d55a2106,8221,
the deer,741d3915-6cf2-4e1e-8e0c-91efba2c63bb,38428,
the defects,469d81d1-d36d-4b1f-9ade-2fbc9edc9273,160903,
the dentists,e7318ff9-ec32-40c9-a2d5-7676261820a8,287542,
the desert,d3f2cd6b-ab46-4459-86ed-b9726652a2b3,18955999,
the destroyers,f7b11302-c3f4-46d1-a977-58eee9ba2755,8779,
the destructors,ddb1dd26-90e9-481c-8e3e-36b203da50ca,2871259,
the details,0659cefd-3993-47bd-b331-80ed31de6ded,5942133,
the devil bat,c9528acb-b8ce-44ae-b112-c322e19c303a,3906544,
the devil makes three,0aadae55-6c3e-4e0d-b824-b624b03b0e7c,3759307,
the devil wears prada,6e09effc-10ae-4f18-b061-c4362cf49cfd,7505786,
the diableros,21c3cb0a-0b8b-4191-9bb7-52069dafd2fa,57372476,
the diamond center,2f08c71d-b066-4674-92a8-e9184ab7d072,8082,
the dictators,1e273ce6-4d23-4a17-af39-73f752d6c1bf,8409,
the diffs,66802c77-e057-45fa-b95e-60cfece34b24,79673,
the dimes,2abc1154-4af9-496a-84af-cc125801cd4a,40591552,
the dirt band,d3d13eeb-94f0-497e-88bf-a08f0958be3c,13974603,
the disarmers,548db631-121c-45be-9848-13c3a745e509,1596473,
the distance,d802ddb7-abc0-4577-9a1c-141f446e7776,39378,
the divine comedy,cc708ccd-e197-4abb-adcd-e0e613d5e39c,31140,
the divorce,0cfdbf65-30f4-4cbb-abc8-1bffe4cb2d15,40147,
the do,b01cc830-da04-4387-98eb-4ea430a6107f,160511,
the dodos,ca5daaa8-a32a-44c5-9430-2c6e435e3c8f,8420,
the dojo,8ab6112a-d0a7-48a0-90bd-b29dc6886650,142512,
the dolomites,bf47ab71-8f00-4bca-8661-110f01554244,55202,
the donald harrison band,9d4525f7-5df7-41c8-af2e-83c560a02938,2843967,
the dove & the wolf,5887aa78-6cde-4516-a954-4c9a4219120a,18781268,
the dreamers,57c65f8e-0981-4a43-a213-05ddcefb2ebc,6747000,
the dreamlanders,daa2a95e-b9cb-4683-ac81-49bf97ef1c62,1714368,
the dreams,435c5df4-b878-48aa-a892-6e03a0bc438b,44785,
the drift,c6e63047-ae16-4291-ad89-7081a8cf30a1,4322997,
the drivers,6bd3d190-2079-4fba-a7bd-582f8a2df8e5,197404,
the duke ellington orchestra,08e9d041-d23a-4e44-a9bb-e7ae04e2e332,41536,
the dumplings,db0198d8-5c57-4ea4-b190-eef5eb69a10d,47769544,
the dunts,b311abc1-939d-4263-882e-9e47004411cf,8820363,
the dutchess & the duke,bb5e3506-85c0-49e4-b35e-a8a990ef3a08,5602233,
the eagles,2614d977-ca3a-489d-a424-97b2571730ee,37602,
the edge,fcff402f-65a0-4a65-94d2-b119c513b621,123998,
the egg,5eab6374-eaf7-4729-9fe1-68d4246b5d17,484939,
the egyptians,abb65314-d9d5-449b-9302-5bd909534ebb,31912046,
the elephantmen,383b7fe4-8e8c-4ac0-a00a-1d63b16de415,7525545,
the elms,6cfb117c-75cd-4132-8527-6095d4bee24a,4945062,
the embassy,ca3648bb-ea7a-4fe3-ba65-949fb53c3a96,1964525,
the emeralds,c8b7bb14-3bec-49c3-a8d8-4cbef35640df,10045,
the emotions,d49a04dd-0d64-4345-a0c1-6ee2830bc12e,10406,
the end of the world,5efebf8a-d274-4cd8-b1e8-0c4f6eb051c3,525145,
the ends,c646ed25-165e-4ce2-a5e6-2f11889f68b8,867478,
the enemy,0c253673-8238-4ef1-a99f-de4039f01003,33884873,
the evaporators,b8aaeb50-7043-4628-b575-6242b2ec03e8,8255292,
the excelsior spring,c9ee2740-f852-49e4-80cf-7fb75994e79f,86899,
the exiles,aa7524cf-3652-4386-9ec5-569f9a4ddf07,9855,
the exit,14154e10-464b-435a-822c-28ada14bc14d,302408,
the expelled,fe6851cb-472f-4084-ae42-0accfa042484,4903854,
the expert,e3aa69ee-b116-49fc-a288-2c602980c67b,9892,
the explorers club,7871d5a7-3096-4e32-aefa-86061a842425,30721924,
the explosives,65a94894-4164-47d1-a6ad-57d309973de5,10192,
the fabulous,2394359f-ad81-4151-9062-c32f29d8272a,13008787,
the face,e3c2f3c5-168c-47bc-8be4-83a5d0bcaf1d,53234,
the fall,89d4f401-bf3d-4df9-ab3d-08c10f9b41d5,13641601,
the fam,2a797e7b-b28f-4ae6-a37c-ff0b9052bc5d,1028858,
the famous flames,a3130676-5469-48d2-98cd-bf105b387953,9051287,
the fayettes,b8dd1ba8-cb12-4649-8240-31fba88e6a46,84017,
the fcs,92a23d02-d714-4399-b176-99290e1269f4,466330,
the feds,82c902e8-8e7e-4a28-b6f3-5805bf3f42ae,4091758,
the feeling,1c5028ab-bac9-4b55-8687-df9fa8ee5d97,163390,
the feels,a6f54304-5102-4992-be41-afdd943c9f46,3550259,
the femurs,71a97c8f-cb58-411a-a884-876ae28a99f9,188497,
the ferns,07458d1c-af43-40c0-888c-85d354569f87,66512,
the fever,74a88b15-fed0-4771-8a98-1e615eaf010f,46253,
the field guides,31028961-fe4b-482c-90b1-0d5832e19040,500948,
the field hippies,9f8d73a7-6367-4a9d-94a0-08033ab6cd30,47646,
the fifth element,43989061-032e-453e-a181-3f2556c32dfa,143809,
the fin.,f0edce2f-0d77-449b-a872-2c4145d16018,11036,
the finches,6c78d11a-0637-4967-87e0-67896dc75896,11711,
the fish,66ee989f-be14-4e61-b3cb-088e4b88afcf,4699587,
the fish police,09257be3-375f-4100-bc8e-525feb790d14,2169153,
the five blobs,00a80137-32f8-4735-a877-e291bb0877dd,15030651,
the floaters,88fa22dc-0504-4184-ae35-699551f091fb,179636,
the flying eyes,e2b3e10f-fe91-462b-9628-a5188e814ea0,246702,
the flys,69e4d09d-8715-4595-a014-72a721eecec5,63663,
the fog,9a337d48-4b7b-4623-93d6-9bf49ca67360,58991,
the fold,c1653ae6-163f-4889-8fbc-c9b72eb31589,2104424,
the fontaines,f993d546-e0fd-4737-a992-eb7b55ae3192,8360564,
the forecast,d999b299-95be-4d92-931a-35b9a5add03c,246077,
the forms,adf13d63-b3bb-43a6-9975-ad1743ac8268,171578,
the four aces,85cae5ce-3f9e-4d1e-a8d5-45b953463fc5,423623,
the four seasons,5e39145f-a0f4-4de6-999e-d24676e4168b,993404,
the fox,2049f20d-e9ac-4d83-8da4-2d526bd7e70c,11299,
the foxx,b288d6f1-81d6-4049-8a06-f43b7bec9a20,14357504,
the franklin electric,7f858712-0039-4e8d-bea5-18f939e69982,4677075,
the frauds,d01b1035-4824-40b0-85a3-777ffc2ee910,58790,
the freak accident,e0d39c73-6cd1-46c8-a5d0-1176892be9ec,24462937,
the freedom sounds,efad862b-0448-4b32-9925-35c4bf2f0659,54335178,
the frogs,5b481cdf-9736-409d-8b8a-8329bb519504,494640,
the froot,5a4196c6-d0e7-401a-8c78-8ccc9f60b173,44076597,
the fruit machine,ad4216d6-ed40-4a47-8111-0fe8b46a5e12,10843,
the fucks,e3088b62-0dba-471d-9e22-60b8eaaa75d9,5575722,
the fumes,95c5e041-3726-46a5-aa06-a7cb5a889a21,16671967,
the funeral 5,6dee03d3-514f-4a3f-ae1c-b358698648ec,11182,
the fur.,73efb388-ba96-4452-9860-5c6aac7a5426,19009006,
the gala band,7f490f72-fada-40a4-a09a-261b8ba0ef2d,1595310,
the game,81132f59-fd75-45b5-8aab-8679b3942e73,20538630,
the ganjas,defc0334-dbb0-4274-94b5-097bbd573d8a,43500,
the gary,82992493-8ef7-4b4c-82fc-343c1fa92257,12649,
the gaskets,114cce16-32bf-4c8a-b12c-1379236ee948,424921,
the gathering,576153a8-3239-4eae-a990-973dc547d9dd,10945985,
the gay blades,b520b961-43d9-44fc-9b44-7a22d4f132a2,10030240,
the gear,ea8d974d-e860-41f3-9e51-96dab461ebc9,82916,
the general,17c08892-7bd8-4d8b-875d-5d8255d0433a,68113,
the genocides,567f462f-c162-4309-9fd2-c8e13067134e,12441,
the gentle good,7a97ed34-27f0-462e-a04d-8f6774c693e1,47952446,
the george jonestown massacre,d3131206-149b-46bb-9bb2-87f073dccf04,223212,
the george martin orchestra,5a90150a-c17d-406c-8284-453f57fdeefc,77179,
the germs,32f9149f-4441-499f-a494-f23a66867e69,152320,
the get down stay down,8ce8983e-2b73-42bd-9c8f-7b4c24d0067e,45314885,
the ghastly ones,7bbbcabf-14bd-4602-a423-e93753a8544c,12152799,
the ghost songs,0cc5ed3e-2316-4b4e-9722-d165f714a5f3,10317184,
the gift,773663cd-ba13-4c78-b177-6408ca2c481f,353093,
the gills,c11b9866-b68f-49c6-b1b2-7cf5d1cad3a5,40579,
the gin riots,cc529b04-ba62-4f89-bcc5-97c63a4ff1eb,12988,
the giraffes,c8b58377-b9b9-44bc-9ad6-52e009b134b7,12717,
the girls,cb62fa56-c8e9-454b-aac2-659a40c2f861,1723133,
the giving tree band,54bc8b93-66a1-4c0e-9efe-eb62b8632daf,750272,
the glass family,ca8bd75c-c209-4122-a492-656b61d88f9d,1115535,
the glass menagerie,b8ef745c-6470-43e1-9495-2babdc76ae07,407775,
the glasspack,feda4a2d-607a-4626-98cc-e37c38292e59,1450667,
the golden arm trio,425ef882-cbd5-453d-ab6d-3b843983dfe0,17447171,
the golden boys,5cf9b08d-eae2-40ea-b047-91ff24a1ad6e,37018211,
the gossip,d85ec4c8-433f-4d78-9c46-d91011aadacf,12616,
the gougers,06b1188d-4bd8-40a5-9c88-96057636fc63,609438,
the grahams,fe3a1f20-b7bb-4a1a-b2c2-b02b937cccf1,54229010,
the grass,4616678d-552f-41a2-b1a7-c60a61217c47,1284547,
the great society,33ec05a0-b04b-42ae-ad29-f992a2a18841,55792,
the green martian,7eb252b1-cf8e-4df2-9b82-c7645ce81b9c,47792,
the gritz,b4b1cb19-d3f1-446b-9f86-df3bb6840e6e,29729641,
the gun shys,e2b72a23-f440-4279-9547-abfe8ee374ee,6873740,
the hacksaws,4559ed9f-8369-45b9-a045-116cfe8ca6c2,1067614,
the hall monitors,77931dbf-74e4-4a28-ae79-39961f326c5d,1923333,
the happy hollows,6fb8aae0-c9bc-40c2-a9ef-9bac5a4bda38,33292986,
the harlequins,91de53c8-eb54-4566-9ee9-505ac4169459,38341,
the harpoons,098793cc-6089-4722-adaf-378bfa2ecb28,287101,
the head,6358872f-53c7-4a16-91c4-4694508def74,2418678,
the healers,17000585-cf09-4c8b-9f68-45f432ba561b,7078320,
the heart of gold,311acb04-749e-476e-9d8e-cc07dc3913b2,4667727,
the hearts,c4a035c1-dee5-4e74-b4bf-23a6a4c838bb,30855539,
the heavy,8c8d8ead-358c-4614-8574-538fb216da83,21260825,
the heavy hitters,d78c15a2-6821-41cf-8543-0792b37c05c0,14642673,
the heirs,3e9c36fc-19e8-4ef2-8e8c-b8b13d0ecaa4,39538379,
the hermits,025ebe96-cb2e-4024-bd2a-f632290e069b,271054,
the high class elite,f2741f61-0994-48fd-b165-6392e2d45943,2222376,
the high five,310b3b17-264e-4957-aa99-a5b0b581f87e,1097333,
the higher state,5709fdee-3b59-4e21-88d6-923eabf8702c,21801875,
the him,a97ae805-e148-4ceb-bd8a-7b2a5b823f24,780116,
the hit parade,427e8353-aaa3-43b5-9878-696afed761ea,170310,
the hives,c128c832-0fda-44b8-81ad-d8c55e91b0c2,904954,
the holding company,7171d9fe-c23b-4bb7-a8ca-df293d7768d7,146080,
the holy fire,8d446294-13e2-4a88-be6b-bf150e59c9de,1624798,
the homesick,929cb1fb-d798-45df-a501-9aadfa5759ad,7507336,
the honey bears,d2dbf45c-2488-4306-960f-f9bf6143bfdc,2197100,
the hooks,f93e2220-f93b-4e05-91fa-337d06f56a8b,616809,
the hot mess,bd581787-e215-4ff9-a7e8-c0ae89a05d41,23055531,
the hot nut riveters,6fd965c8-304f-4f3b-b793-53b386c1dca0,509033,
the hot rods,3a579b35-0116-47f9-9e3f-604659f85457,436522,
the hot springs,f3fa1ac5-fa6c-4089-8f6c-c0e1780aba29,67060,
the hours,dea5a129-f4fa-4816-9115-0e38509ab23e,498176,
the houstons,bd2a1d2d-f127-4cf7-aa64-814e5f88b3d9,13774,
the hudsons,1053126b-eefd-48cd-9f44-f9232c2f2293,12284361,
the human abstract,265bb886-5d95-4dd8-ac5e-f195d3e81944,40765123,
the hunts,065759b6-0c9e-402a-9ee2-cb7dd0941462,625530,
the hustle,6a679dbd-82d2-415e-a915-15e9f1fa6770,612518,
the iguanas,d2ef4a96-8e75-4a9c-97e9-0daa03adf6c9,18958686,
the image,372d5f34-590c-42d7-b2c7-b5e26ec6c41a,71925,
the indications,7f8b7d22-e739-4379-abea-bacdafc71e6a,848715,
the instruments,6c53971c-2d30-4353-b547-6e8aa6c3fe54,23701314,
the international playboys,1733841a-cdaf-42f4-ae00-26982ca6bef1,1494998,
the interruptor,7a9b7386-fed5-49dd-b623-c1d471db4ff3,15289,
the invisible,a4080d64-1682-4d85-b7d4-72de4988c3e8,2238791,
the iron lungs,f9cc257f-c317-4f9d-af17-92c31349c42e,304033,
the isles,1fb5a348-2d63-4281-82ec-573e0426b9ec,13357299,
the j.u.s. evolution,f871b6b3-00b5-48a5-8520-1414772cc1dd,9236,
the jack west & lalo vibe,74f654f1-15bd-49a4-9061-06157cf21d00,19326468,
the jacks,e3a7d9f9-e06a-45e5-a313-b234e1e87b1c,977243,
the jackson pollock,05d0f942-f5c0-4822-9554-f3e93d246ba5,16307,
the jacobites,bcbe6a96-001d-4e65-873b-fcd5a7843cd5,16580,
the jacques,02e94cfa-f677-47e6-a0cb-5703697a0e78,2101547,
the japanese house,e1d9a3c5-b56a-4f88-9f82-7f59664c605f,53132168,
the javelins,34b29de9-63f8-401b-8fae-84e296d2930a,8700358,
the jedi master,24bccf40-a13c-4a98-a810-f7b135e728fa,16379,
the jicks,a616fa57-ec7c-4b31-94f5-a9c36a30542b,4621707,
the joey gilmore band,1114c9bc-8496-44c6-a578-4df8063e9a53,48862085,
the johnston brothers,b303cf6f-cf7b-4db7-a299-0f699ea6a0ba,12499304,
the joys,7cea9791-dfff-4211-8daa-65f4ef578d9f,185918,
the juniors,7c82f600-c156-401f-b4e5-ba4f81bf3f76,26682793,
the karma killers,79bbb7cd-dcda-4809-9e5d-b6c33133132c,16199239,
the kbc,acd7071d-6a5d-47c5-851e-6813703c545f,299643,
the kenneth bager experience,e74a9bd8-5dc4-41e4-8b81-ccbb4ff4dcae,17724947,
the kernal,77107cf2-4550-4aef-968a-8d7e057307f1,354359,
the kickback,f40e37de-ebed-4fef-907c-6d95eb5bd839,28502900,
the kicks,453f4ba8-788e-43ea-833e-2ddbfff72325,49644138,
the kids,47c28ee2-9476-43e8-9e8a-e0fe92b95678,231161,
the killing floor,dfea1fbe-5695-42f9-9cb9-ba72eee15d31,6983796,
the kilowatts,170a23a9-eca3-4960-9dd7-1a61a908cc42,21347693,
the kin,c3d49d1a-3b95-4172-9e56-17837ec77362,586768,
the kingdom,a05a4d21-ada8-41a6-97df-4758db84a8f6,39738,
the kitsch,d265b60b-fa84-4d25-bdf1-d8a461c6a174,98141,
the kohaku,f615c58d-b7eb-4755-8a09-c39f7e1d5a9b,3949908,
the lagoons,6ce05d23-095b-4117-bbd9-01ae6b640da9,81818,
"the last artful, dodgr",95f84c01-38ca-4c47-b156-6d8a63ce44a5,52476480,
the last bison,de9df012-2005-4ce5-98ca-193603b3d77e,34584547,
the last emperor,b1f0c089-f9c6-4c4a-9c94-0d629dd0a4ce,129246,
the last year,5a5feef4-4f89-4089-a42e-0c3342df1c52,31322456,
the latebirds,2a6193dd-7173-44de-8beb-06504cc0da03,18211339,
the law,ef1befb5-6413-4ae1-b94f-d1c1f191cabc,18949668,
the league,41c21b91-bc0f-42da-9e13-09821f08fea8,24792364,
the lee boys,c226755e-e582-4f9a-bd1a-3b51bac4ad5d,10491616,
the lemons,933521fe-891a-4857-97bf-7a993b562366,21299730,
the lemurs,b8ffc755-2c25-4655-8437-972e1f0d357a,477917,
the levites,594c0f1b-ac63-446e-8303-c9525d1758b6,70577,
the liberation,a3625e1c-b171-436e-8c98-12b50dc1ed08,1039380,
the lifters,43c59885-1f5c-4d64-94b1-c53a4028cf16,119145,
the light,fce08e0d-dd56-4518-af94-10373b20a7bc,17939,
the like,e27eed1d-bf88-4aef-a790-64bc0f7855bd,567140,
the limes,7e00f03e-61dd-443d-89c7-788f2ac98c05,172921,
the limousines,72278854-e59e-43e8-b510-84b91057d4a0,22059223,
the liquid myrrh,2cec5577-1035-4e97-ba87-2ed768521766,96861,
the little big band,20b68ac8-1423-43a9-b9e9-052a0cbab057,5100184,
the little champions,ce8744b5-189e-42bc-8e92-fc1560ac42b7,12682719,
the little ones,7e91bece-756d-4cd7-91a8-8935f884f851,5917218,
the lk,887ddf93-74d9-4cd6-825c-41943c661bd0,270368,
the loaf,2cf7a281-50fa-4f7f-a459-17e1e0c2d054,3172418,
the locks,a7e4d90c-0d21-4f50-8a3b-8d66db7a9ebf,519339,
the loft,93bbfc1f-a200-45fb-a5b6-3932e74e7091,1347375,
the loot,4c6d4d30-a298-46de-aadd-ba29a791f22c,549264,
the lotus eaters,f5f655cd-e84a-4dd5-b45b-4797bd8c9877,4275452,
the love affair,a49a9341-971b-433a-97fc-d3fa14ecf560,7878888,
the love experts,99c2f4b2-6878-462b-9d87-4a17835c9599,11347117,
the love junkies,9a40a7da-28ca-43f5-965f-0936a08f7bad,6973325,
the lovemakers,b1d615f4-9119-4534-9d52-46d435323384,23669915,
the low lows,5d15d816-d20e-435b-8381-759ff92d9114,966340,
the lowbrows,8365e440-6906-48fd-9bb7-dc9e7af0427e,3862600,
the lulls,e29002b2-31b9-4915-9ba8-02ef3ac47f1c,4397540,
the lurkers,bda87d37-a8bd-4b59-a5cc-54bccea97337,636248,
the luvvers,26c732f1-796f-4350-9738-389c8b798b91,23593136,
the m&m,6ef23cb1-f4b0-46b0-997f-8ac0052925f2,19191,
the maccabees,291a02bb-25e8-4c2c-ba4b-7345c9b7e4c7,163320,
the machines,147bff67-e945-48d4-bc86-9f01b19fa9ea,51462,
the maggots,3b8520fc-3892-43c0-bae8-ff0a30a1c4a4,363419,
the magnolias,1038b0a5-dd8d-40ba-a168-47be4905af0f,40333,
the main ingredient,25671963-48e0-4606-a09f-3b9a462edde4,33567418,
the maine,4eb6720f-aa70-4379-aed1-cd2f9aefb7a6,19977,
the maldives,db56b3f4-980c-4529-89ed-d6396029ec0e,19117,
the mamas & the papas,0b04e107-b0aa-4e1c-995c-154cfa62a236,383334,
the mammals,92501c56-422e-4fe1-aa86-1cf54c77e856,18838,
the mammoths,c444b9ca-1d15-4fe9-842d-d06e1e17f572,20162,
the march violets,32cbbf3e-5c50-4148-9767-b6755b5e7582,2356759,
the marcus king band,02f07d53-5874-4149-8455-d0bd9659890b,51617630,
the marias,0749da6b-1c89-4e12-90f2-329b652b8e4c,4749826,
the mar-keys,370c332e-384c-4cb7-b053-0af6f85dd375,1171293,
the marty paich dek-tette,a068bc63-d13d-47b5-9f7f-4f898df69102,5542106,
the marvels,a03ab7a2-559e-4f02-af7b-35852eba80de,878569,
the mash,6a1d2764-dba5-495c-bf29-fa4f9f54df15,535630,
the masked marvel,8d4b1c14-dca3-4f79-84af-82e5a24aa0f2,3248338,
the masters of ceremonies,2b54757b-5813-4627-b826-8e3b06ec71ab,277726,
the matadors,df07399e-c14e-4ac3-aa0a-6818a98af4a2,1158308,
the matches,f58eeb86-5418-4f66-8651-13d7480cd9d8,63904,
the mau-maus,4e5ccbce-2ecf-4ef7-bf1f-73971f4860bd,548510,
the may fire,250ca059-d1ed-4ca8-bafb-bd4c1ded6fa9,11145,
the medium,d7040a19-e611-4753-8d1c-3b248de8e24e,19967,
the melanies,192e2d0a-e7c7-468c-abb0-cec3f0c85d6a,365389,
the melismatics,0299a967-a70d-4559-9e8e-d1651cfec3f5,231715,
the melody makers,96d92ece-effc-49a4-8649-eb801c773f8b,462002,
the mendoza line,0a2f320c-d419-4872-b5bb-3a29d9252911,1161192,
the metronomes,e2bf8b52-a8db-4e31-b453-bfc7db6fabc1,88771,
the metrosexuals,9f2cd71a-5864-425b-8bdf-525b0724c708,19008414,
the mickey finn,acb8d9f0-c3c7-4ff0-a4f1-733a2af97776,3578666,
the midnight,9669af1f-d3d4-4cb5-901a-c3c015c514b8,247844,
the midnight sun,5dfdea5e-5456-43f4-9911-523b884e9f4b,300659,
the mill,d5964e6c-95cc-4b69-8caf-25078269718a,167359,
the millennium,86142225-baf9-40ec-ba50-68701e7cc2d1,204504,
the mindset,cd492082-9529-4398-a352-36feb9899638,171079,
the minutes,715e2d59-f6c3-4087-a230-d6f17eb8274c,901046,
the miracle 3,e38e1d15-a381-49db-b8c1-619439e26919,52041,
the mission,b4e4c9c6-287e-4e26-8629-828b5775da98,113468,
the mission district,04e8ba32-aad8-418d-9a78-ac5013a6a387,166188,
the mob,5854f5ec-9d0e-463b-a2f6-5c264b5e888a,794064,
the moberlys,8df0ee14-d6ba-47b8-9953-ad631fe00fa2,2679661,
the mock turtles,7a8c1654-126c-4c95-aa3e-6f204e594a60,980128,
the moderates,b9f740bf-d715-4d9e-a39c-22a7f4466869,650414,
the modern african spirit,49f4e78e-3c9c-4013-a9bd-8fef790d36b2,1638128,
the monarchs,adb980b3-175a-462b-bf4c-386fbd33b638,19012,
the money war,7c86dcd0-c724-463f-8620-bb6c157ebbae,8983183,
the monster,bd2b8957-fdc8-46ef-8c34-7ff24b40403f,65071,
the mooche,42fb594e-20de-4d00-a208-9e39daf4c16e,48441253,
the moog,83cd7f78-2a85-4087-95dd-5463bdc6df2c,25048114,
the moondoggies,053e2ad9-002d-494e-af33-74ffa70a9bbc,37643126,
the moondogs,46a1c6ae-7409-4699-88aa-f403a0bfa20a,292138,
the mosquitos,1e25bbe0-9a12-4607-b7cd-79adaf193212,37789,
the most serene republic,f970b1af-71ab-4f26-a81c-0b0534e0fc00,1214570,
the moth & the flame,a9e16a47-98c1-4c11-850c-69196654f114,66633,
the movement,fbee072f-e930-4c4e-a830-4cee354c70eb,447454,
the moving finger,643bacb1-afa0-4927-b8e8-65f9313daea4,1702335,
the mullens,a7ce11d0-b5c0-4719-b11e-eee9263f1bed,3342658,
the musicians,efc9b49a-a86f-45b9-a831-a69b9491a0b6,38284,
the muslims,61d99bd2-84ae-405b-9755-01b34353904a,19541,
the mystery,0ea4fe80-cf5f-41ed-bd2e-af513a2a155e,59454,
the nasty boys,bff488cf-b9c5-4b69-9cf8-6585180ae9fc,2010342,
the national,cb4ad919-4818-42da-a035-48daafe8fc5d,2308141,
the national parks,db05d252-7d2b-4233-8ff9-1f9840275d63,21818,
the native americans,3974f1fd-60c0-49fa-82d1-7ac0391e1cb8,2733618,
the neat change,70e9b1e6-a93d-4b52-b801-c1597e34fa96,8764707,
the needles,f4667522-523d-49a5-bec2-e3c39a37e5f9,237084,
the neighbors,82e2b804-0079-43f8-b87c-c039b5b6215a,6278116,
the nein,7be70e80-949d-4325-94e4-128d7c4b92c8,13420983,
the new black,b1f96445-2b73-44f9-8f47-85d239390036,4584779,
the new establishment,c9db9d75-9d84-45d1-a975-8cdb6ed30780,44366413,
the new flesh,0427ef0d-06e4-4def-a957-c43330e51133,44872101,
the new regime,81b04907-d686-48e3-92a0-9031c55da198,37724246,
the new romantic,eb900d99-3f96-4f1d-a501-a03de97b802f,58324898,
the new wine,acabd3ac-06b2-4f71-8ba6-11b3e35a9d74,3060313,
the nice men,dbc3c6c1-ae6e-4c10-82c8-217368974b7f,47088,
the nimbus,63905e68-0d69-43c6-98e6-d0231e72e0af,29412418,
the ninth wave,f50ae747-78f7-43f4-a8f1-b66fb8e0b8f5,21635579,
the non,13170e5d-3971-476b-b16f-1288170995c8,694411,
the north carolina ramblers,6b61af39-984c-4d2a-b6eb-87d01c718e14,21650,
the northern light,f2aad0b9-7d01-4f16-ad9a-99dfdecc8a1f,42673271,
the northern lights,9cc4cc2a-77b9-41b6-8afb-2a175b97089c,66151,
the notorious b.i.g.,faac4632-eded-471a-9581-560e359405a1,142510,
the novaks,48ec0164-dfdb-4601-9490-ef0687aa5fec,1274827,
the novas,9847dbbc-7a9e-4dfb-aa95-92e48d59ad9e,21784,
the oaks,edf2e107-f9f9-402e-b442-1630de0eb703,39696,
the old soul,290a95a2-753b-49d4-b365-dffa9f342c18,53633301,
the one four fives,548c2ff0-5c75-4507-ac45-8bde5a793afc,234593,
the onset,45c994e5-876a-4d04-a5fa-ebae302944c9,1574359,
the ophelias,10ee9878-c10d-4fd8-9492-6e42b6c8c3e1,24148790,
the orchids,6a4f95fc-5a42-4445-bdeb-94f9ea871701,171226,
the organ,a74f077c-a072-41d3-b75f-85932aee894f,12544507,
the other tikis,59086d79-19eb-4807-83b0-f05eae8f51aa,4828168,
the outcasts,b02a0d30-780a-43df-9014-765f15a0129c,3552329,
the outfit,ada2e8b3-3dfd-4e4a-9ae6-b2fb8c6da295,4244559,
the overlanders,c861a40a-210b-4011-8805-8e0fcaedac93,523961,
the owls,3192b675-4496-4b58-910f-23c5c137171d,37654,
the oysters,e869de51-6e6a-4631-82c9-7bde7cf092df,133824,
the pacemakers,2a1c820b-ccc8-4f99-b4e0-3cf472a4d15e,4226041,
the painted birds,e96cc694-cbd8-41a1-b5e0-9bd5063124ac,442991,
the pandas,406e5269-84c6-46a3-86c5-2b7853c959da,2769439,
the pantones,09a4216f-ca2a-45fb-93cd-e8837beb8d9d,54955,
the parisians,19bf03eb-393a-4ba8-93c6-64a4328f5391,1169252,
the park,c7bce37f-8659-4ccb-a9f7-a74971e6bc37,166459,
the parrots,5492dd36-68a1-421b-a3a3-29ce22f7fe9d,21051888,
the parties,44d77579-be50-4985-bdc3-98f9f644275d,7357847,
the partisans,df437bba-03de-4fb7-a30e-14a1a26a09f0,206607,
the pastels,2c887f72-d80c-463d-9984-911c3491b9dc,24533,
the paybacks,552971d2-ace6-4798-a276-3c0ad9c862cc,3314245,
the peacemakers,c8a58de1-421a-41d1-b81c-415ca5b490f1,1061522,
the pearl harts,e1b1e822-5e57-4902-86f7-649cb38e05cc,885280,
the peddlers,e037a341-76fb-4531-b3aa-46927d8dbb9f,1603109,
the peekers,2301763c-22dc-4e8f-96a6-4f6bf8280158,174713,
the peelies,8ac82b15-647d-47b9-8336-d10e693d4922,21478931,
the peep show,6c430d67-186d-4ce0-828a-898ed6f273bc,490309,
the penelope[s],431ba496-d5b9-43b3-9387-1a9efc22cae4,49169,
the penny arcade,d891b923-7d8e-4371-91d0-c7dbe4ece83f,24673,
the persuasions,e73d8c37-414f-406c-a569-725ed0f942dc,24897,
the phantom family halo,d8abf5bd-a25a-48b4-be13-9369ccb5870a,33018298,
the pharaohs,2958167f-89e8-4419-9f2f-33c6b29a7d68,23294,
the pharmacy,209ef39b-26b9-4341-97ce-ab6aa5a392e7,297350,
the picture,b140df83-0e13-4f4c-93c1-c645a30c3bf1,24700174,
the pillows,28f68f35-2a7e-4c6f-b10f-77c116b74daa,706020,
the pinholes,ecd944f3-d937-4e8c-8328-6b880ddaac9e,59414446,
the pink noise,50b2c941-345f-449e-b212-6a1dad3cc070,46202,
the pins,32cb2604-230e-4367-93f6-65937fcf3559,1696028,
the pips,4c8d8b05-5b85-4231-9bac-aa16c591d2cc,31111103,
the place,10c5959a-1ac3-4b1a-ac17-4e695e8a5ba3,1372404,
the planets,34177a3d-aab9-4280-b3b3-0b6cc5dc150c,49243,
the plastic wave,615802a4-5d99-4784-ba71-2da0e5fd339f,26145195,
the playboys,9655bc74-14e4-4651-9b5d-0666155068e3,23221,
the players,1a3babd4-6f67-4c8d-b994-886a08e1d5e5,6081289,
the poison arrows,c289761f-0c14-42ea-87c7-70485c38773a,7695280,
the pons,0be22eaa-94a2-4108-af1f-664cbdc817f1,229296,
the pooches,e3200e36-5c9a-4421-a69a-16b6e44514b6,554655,
the president lincoln,2ed1d773-5564-428e-aea2-b2c3ab3d7bb6,17872,
the press gang,dce47844-0255-4326-ba0b-175741abcf21,24639,
the problem of time,6e3fd0fe-297b-4565-9250-456ee30a0d59,42598658,
the procession,390e1302-39a7-4104-8d2e-1c218a870c63,1686010,
the puerto ricans,d502fd6e-2075-4fa2-9b31-547dea1b8bc3,82536,
the quiett,20da8287-c66e-48e0-b110-f5122df4a664,35138178,
the race,33e9af8a-9f5e-4e5e-9c80-ffef398d053f,30860768,
the radar angles,37d60172-0acc-41f5-9cf4-7b5fab9a052b,25676,
the raid,1f229cbe-1192-45b9-9a8f-d04746e7d842,54695,
the rakes,0c529b05-3a6e-4247-8631-6693fa272563,1343075,
the range,49212279-a114-4b27-890f-37cd2ac5f5b1,26317,
the rapture,ac567fcc-9987-425a-8e10-6471562c502f,66196,
the rated g's,5e416b2b-b82e-44c4-9c1b-000e130fcdcb,28682712,
the raw herbs,d9436037-ed55-4fc8-84bb-e3edf31c3e36,16183444,
the reaction,274ae46d-ddc4-4363-8231-e16a4fbcf326,169068,
the ready set,7b408c32-b80b-454d-8b6d-4ac678d96ca4,25814482,
the real heroes,456d08da-c17b-469a-ae5f-5ac5e78a298a,47348078,
the real thing,5a340704-da30-437f-a18c-f4d70c9da496,1434385,
the real tuesday weld,0607a2bf-5d20-4f66-9365-5bfe6e77b5ba,1201745,
the realm,c1fb2ae5-d9a8-47f7-b3e1-7d3195d90ee6,5612299,
the reasons,6e16f01e-490d-4820-b272-fe79727c90c9,42446,
the rebel rousers,bc9c05a0-10dc-4d5c-843e-87940a9c5bec,2294830,
the red pears,ff9757ca-c186-4edc-814d-f4866ada1322,24278,
the redwalls,22f15f47-6c27-4fe5-9183-fc6fa8308f3a,315185,
the reflections,574bcfe9-bb57-43e7-ab07-2b961bf953ea,1075337,
the reflex,abf753f5-7200-4616-85a5-434adce6aaf3,381186,
the relationship,de2bf8ba-0aa5-4c71-bd45-e124ebdd2ea6,26028,
the relatives,30d6d772-722f-47e1-817e-ead0bb193fdc,5655566,
the renderers,6dd6a253-4645-4c4b-82f2-7e350d3ac901,25775,
the replacements,cbac36e2-ab56-4bb3-b23a-c16f344f5ba3,7069171,
the reputation,d88b0f01-64a9-413d-90ce-910ceeb67202,233009,
the reputations,530b09be-049a-4f55-9315-cad19902016f,233009,
the resentments,ea48dbe3-9058-46fc-8962-79a08e60f161,2160901,
the resistance,6044e9c1-2f4d-4bc2-bb94-5efe5204bfc2,12541737,
the revenge,a5768772-cf3c-4c68-b815-99128dba0cec,181361,
the revolutionary army of the infant jesus,67933787-d09d-4f1e-b1d6-4fd6456346e0,53979976,
the revs,bd01b02b-06a7-40e4-ad7e-b0a02f07175a,2777824,
the rich hands,f5253f75-5716-494f-b6f9-379b5c90fd70,12759337,
the ride,2953718b-de85-44e9-b6bb-d66987dfd95e,238521,
the riders,dd232793-d591-4137-b287-221ae4416505,668023,
the rifles,1b5320a6-29fb-4864-b2c6-ed1eefc46c0c,1609834,
the rinse,2dc3407f-04f2-4d6a-a96c-dc9761a710a1,7385669,
the ripe,e8e6bca1-9067-4f00-bc5a-670082df0d88,142349,
the river phoenix,c6ac23e8-f0a9-442b-8f08-8c68d1428847,159268,
the river raid,a64bff92-e769-47ae-8603-a24c90db5df3,2354690,
the rockinghams,3492e011-4df4-4c35-9504-ad654b539da6,171324,
the rodeo,79ca6f61-ad7f-4120-89eb-380d23c632f5,78151,
the romance,fd0b159d-ab2f-439b-ae79-0bd0f6535933,228460,
the romans,660699e1-fe26-4e71-8977-13a993153f66,26113,
the romantic comedy,05129bc2-50b9-4d09-92ee-5584070bc6fd,25531,
the room,a21899e2-9f45-4345-b96f-0a62b77a5df1,15629037,
the roosevelts,a3104de4-202a-47f2-a106-45209315f989,207288,
the rotterdam jazz orchestra,d97d944f-14ec-4bec-9abc-9cd0044bd4b5,26049,
the rough riders,8d1da8e5-d977-4fd6-ad09-e8e0f8cbe2ff,145971,
the royal highness,91cd7420-a6ba-40b3-b88b-c9890538a521,651616,
the rubies (from the emeralds),ea9ed35e-5f1d-424e-9bdc-20fffd426f4b,10045,
the rumble strips,de73c4fe-825d-45de-91b5-ff52751a5ffe,954465,
the rza,3ebf89bf-fa49-4bd8-88cc-94ae0d4d44eb,39177668,
the sammies,7e1626d0-15b7-4449-9a29-371d97ea8b18,17216741,
the samples,ec7d5011-c610-42b0-945c-c76afa86ec93,23895873,
the sandpebbles,647f5cc2-6d85-447a-bbfe-bbd946e8e051,13534323,
the sax pack,0c0851b7-3f52-4adc-8574-409efb0ec3ee,41731527,
the saxons,47bc834e-684f-49d7-8e73-c412fb801384,27850,
the score,6a28ea34-4e11-45ac-ac88-cf6822c60ee2,209178,
the scramblers,28c931bd-978e-4308-958d-e94f0312e7b3,41680,
the sea,f5c1693c-6ca7-41d7-8c6d-4aef76086f94,18842323,
the sea urchins,ff3d56c0-a14f-46c8-8c41-fd10caf3dfac,66152,
the searchers,dbfbba76-52c2-4799-b0b4-7891dc6e3a64,76335,
the sears,57c477b4-c47d-4176-b29a-7529d4e3cdcd,277858,
the selector,b6fc11a1-778b-44a3-b6f2-add5c84617d7,522943,
the seniors,247f1a24-dfe0-4874-b5b3-d680bd956261,3950296,
the sepoy,8234ecd6-5ac6-420b-ba18-48abb327ef4d,672325,
the session,b979610e-4d18-4b56-8cc3-3e1efff62adc,27962,
the shackletons,2d96b74a-f515-4a62-a4e2-49e027b92416,1016124,
the shacks,baa69edd-e1e3-4865-8126-4be9281b4eb1,17328064,
the shakes,67eac034-c0b0-4bc5-8a8f-7e831b267fa7,15516882,
the shangri-la's,e38a5164-57a7-4dc1-9240-4b6db57ea6f3,366863,
the shanks,46a13330-0f4d-480d-b2b0-46063c5b739a,3584190,
the she creatures,75733428-918a-4eac-9064-54e92c3db559,6193020,
the shin,e1509627-c550-47ac-bca3-b4777f272fdd,1383988,
the shivas,49ab6bca-f1a8-4407-b12c-d1fd35609c96,28849,
the shook ones,172b4b44-6658-42ed-ad3d-f16be123500e,3123779,
the showmen,e1eaf015-5832-4ce1-89a5-8863fd0e8b2e,5483915,
the shredding tears,8e6c1319-8e33-44f7-b858-f0a28531442a,7760143,
the siddeleys,181866d4-1c66-427b-8dfa-b13dd8ddb070,14303347,
the sign of human,8a635e48-14fc-41d3-b361-97811b013c37,28130,
the silos,e53aac69-7932-4ec9-b98d-c81c055129a7,3246948,
the singles,b6fa02c0-a122-4013-bb39-92f066d8f380,3560126,
the sippy cups,549cd27e-1ea8-4870-8521-5804add8d52f,9588076,
the sixers,5eefeb0b-9967-4da4-8126-a86132ae53a7,1697129,
the skeletons,6cdbc831-e0d3-4280-ad70-b4d52aa96bdb,27609,
the skins,85c818d7-f063-495b-8fd2-6273cbbdc695,27978,
the skyrider band,de2585f1-0a79-4d56-af21-7b25d42f9aa8,6060177,
the slats,8a3372b8-8cc8-49c2-bf5b-161e81d8bf2b,667424,
the sleeping ghost,7e788569-d234-4f6a-a31f-5ee5a4e21564,12514,
the slip,1086c1db-7902-4487-b21f-0ba255d58ff9,41724,
the sloths,87160d0a-04db-4e0d-9ebd-d985965e8e3c,5168174,
the smashing pumpkins,c710d2e0-9ee7-46d6-a513-b19d4b03a45a,31463,
the smoke,ef962755-ec6d-417f-ae68-9069560e7dea,27001,
the solutions,ba3b1d4c-175b-4a25-92b9-325802cc03b5,28729,
the sons of sweden,00b1fb79-e808-4804-884f-e8deb28bb330,5058739,
the soul movers,2b1e1586-0763-45f6-b1d8-f2f6a2a713af,12644568,
the soul side,96366a22-3a73-4282-9def-ca1f1198eb60,28297,
the souls,5b423f59-4d9a-4113-8674-cc25d0e49fb1,28297,
the sound,678cc37b-b3bf-4497-b9ba-c0c90418e36d,18994087,
the south austin moonlighters,1f0f4ee0-078d-4cd3-9a2e-63cbbf6a1975,524309,
the southland,1c7ba2e9-609e-4872-b90b-f0d0a04f917e,36085926,
the space brothers,20df59f8-3c21-427f-9b79-209ba929544f,9519302,
the spiritual bat,258e2a88-581f-4f2e-b858-2f3623d54379,23658190,
the spores,48e5d8df-9336-47fb-b9fb-6853b408629f,51472,
the standard,c238d49b-13af-40b2-8307-ede5d2a41f44,39490290,
the stargazer lilies,15c1e83f-d2c7-4ae4-8dc7-26b310c3d42d,1954014,
the sterns,246bf80e-31b3-42bb-9801-eee6a2652c2e,17333662,
the stiffs,2c655b13-1c1b-4a3b-b55c-4f6670d4508c,1592899,
the stokes,b90c6557-81c7-4fe9-9d02-bd573056ecbe,539239,
the story of,584af29d-9db3-44ae-b6e5-5c32350cb30f,152881,
the struggle,7fe45a18-6675-4475-a04d-494f0eda39ae,25373597,
the strugglers,bbd5824f-b235-43d4-ab1b-8135bd4776da,14662639,
the subjects,ace6e9c0-d4b5-4fb3-a71d-ba826c5b2e64,53523,
the submarines,a5d52851-ab79-4d0d-a58f-258287f56a36,28825,
the sudden moves,adf7d101-563b-48a2-a0e8-192a3152b180,1984210,
the sugarcane cups,ba265f4f-1882-495b-aa1b-07a2052bc146,27712,
the sun burns bright,621c8113-d860-46c8-bb22-133025aa0747,26751,
the sun machine,0320e1dc-03f4-4742-8aea-09b148006d09,39099275,
the sunbathers,64b4f5d6-db0f-4029-914e-54fa00ffeae6,54425154,
the sunday times,11c7ce25-06be-4254-af05-4639c1b47ab2,2313472,
the sundresses,7b078998-3417-4830-aaf1-62ed85677530,9605548,
the sunsets,63a1d9f7-2b27-43bc-9225-9b0cf5f0ceb9,190933,
the supermen lovers,95340dbc-72d9-46c3-94f0-dc829ab9488a,2072193,
the sweethearts,8620014d-9404-49da-a8ea-67c66d89fee4,572505,
the swindles,8b0d6236-ee8a-4d0c-8bf7-05a8bec6bd4d,1638706,
the sword,a4d4ddb1-ee1c-4c51-826f-6af3a16b87f9,27863,
the system,323b03dd-5f33-4349-9640-7a7312c58e04,8286675,
the talk,c2ec0278-f34f-4f31-8f41-bae8ef7149c0,30854661,
the tallest man on earth,9d298d72-18f4-4c3f-9c70-b3079a857ce4,17371867,
the tamperer,d57bfe0b-4d46-4fa2-9b40-655650038031,2479594,
the tears,69cbc22a-266a-4b3e-a260-1ac9bf0e0b40,143803,
the telescopes,8a1a3e73-3c5e-4280-9c5e-3bfe4649b53f,7070301,
the tempest,ef4488dd-2f7e-4bb3-8a66-8b6924eb56d4,23487767,
the tenant,19ccb574-af4c-41da-90f6-668ef5ccae26,5541172,
the thin man,3e0ce19f-f8f1-417e-88d9-759658d1f8d2,5282191,
the third eye foundation,6f2cc250-be3c-41eb-bcac-7b3f592a6561,266899,
the third man,7cd54b34-1779-47a5-94af-51529f66e058,71473,
the third wave,4c86a477-8d4d-4f8d-aa00-c4ec0e9ddbf1,984614,
the thirst,f4b951b9-329a-41ea-a320-e549db38567a,509632,
the tikis,e89a3c9e-58f4-406f-ac36-872c7202ee4a,4828168,
the times,62840b8d-5f58-4ccc-9bb7-2e0a0bf310b6,39127,
the tiny,3ebf88a3-7011-4581-95c8-71220c47ecdf,11014588,
the tissues,66ae0a69-d9ed-4147-a78c-bad38307cb2a,31184,
the tjs,e2d7e17e-cef7-421f-b14b-c9b6e2034472,736980,
the tontons,d3db793d-5219-4fa7-91a2-a99bcc219e73,5367085,
the tractors,c04338c0-3518-4acd-80c7-0f3bc433797a,152692,
the transpersonals,cc229ed5-5001-4278-a392-45a458f5d3fe,1820960,
the trees,c1a47ab1-6137-4fee-8dac-26a1a04a8e4a,18955875,
the trishas,0b84c996-6f40-4b26-8e76-02ea735e43ec,21218244,
the tru,0d7bdf97-f087-4d5a-985a-f1c978bf9423,8738251,
the trucks,fedd50cf-e057-4025-931f-9cf14fc72c48,31456,
the true loves,dc676998-bc0c-417c-abd3-dcb3130d5cfd,2279960,
the twenty twos,9b1d055e-6cb8-4126-af0b-a5e157a87083,3566640,
the twins,26888fde-03ca-4acd-8f07-615591d25f8a,79238,
the two lips,d3967049-cedd-4441-b964-373b5d202a99,2136925,
the undead,1b87f226-a6ff-49da-b218-8afd8803cae2,31938,
the underdogs,85cdd2e6-1a8e-4e14-b376-8dc7cc6b2b2b,1170065,
the unfolding,46f259ce-3e14-4973-9138-405312ff048b,31251520,
the union gap,a0185000-9dff-4961-a14b-6ffd43031e5f,1113635,
the united states of america,0455245e-a080-4053-b092-0a885c52ab66,3434750,
the upsetters,9ee8c62d-b1b8-4f66-8c67-c367d6dc44e2,1646651,
the upside down,4dce3051-495a-4195-a778-9b3531ac4eaa,7728442,
the urgency,95149097-76c3-4d6d-96e9-364678840501,6190958,
the vacation,aad804d1-8939-476c-aa0a-059aac33d793,509409,
the vaccines,50769b28-fdbe-44da-8e9b-31fbb59fc929,32653,
the vamps,a8b5530c-55e5-460f-aeb8-6b8cd6190639,675524,
the van pelt,1eef13fb-3ea0-46b5-a8df-09c065356478,1243606,
the vanity,e20ca0e4-4e96-4500-8126-52d976b8fb0d,230550,
the veldt,5ec1504d-9a6e-46fb-825c-dcf5c35c97b5,301951,
the vertebrats,6674b5fc-f62a-4edc-991f-057abcd79024,25202096,
the vibrators,b22fb96c-f5cb-44be-8917-c3beb65e139c,40270,
the village green,caf6053a-4f05-4dbd-ab97-3afaa88839b3,1049198,
the vintage playboys,29ead1c9-4534-4167-94ef-16b8f57a44a4,23221,
the violators,ddf87209-4336-48b3-999c-74d36249b101,43944883,
the visitors,edd5117c-3149-462b-9d39-96e129f58b48,362474,
the voices of time,03d42ac5-190c-4d34-8a3c-6b4eeb0ccbeb,6382984,
the wake,f4819b8b-e0c0-4a40-b89b-3454555f92e6,223993,
the waldos,dc529765-d2c8-41a5-88d7-0c34f1f02a47,1115249,
the walkings,996590b5-4cbb-4b78-90a5-d404aebff6da,33509,
the wall,7d1ef740-0077-4188-89d0-ce61ea7b8456,149116,
the walls,efb67671-e222-43b2-8c7a-2084cc525a73,1288019,
the wans,ba810946-3770-450c-96ae-ee7451a09eea,62188,
the war on drugs,4687a1ad-451c-4b5f-b6ce-a623af124f78,1181646,
the warning,f612ae20-6155-4feb-9aaa-1eb342e56ba1,1638839,
the watchers,4d17a034-2544-4ae9-9b95-f06a6f2f236f,184220,
the wax museums,6087ffa0-e5b0-49bd-a363-0d400f77e397,153959,
the webb sisters,62b003dd-664e-4615-8e15-cdf8cc4fcda2,6749137,
the week that was,91f7c909-4cdf-40a8-9c87-8736ef8e4d51,2627062,
the weeknd,dc82f10d-c025-4aaa-b7b3-082a644560a9,31329803,
the well,c233c59f-5416-429b-a863-505ec59f3a06,15105978,
the wet secrets,7f381502-9b6f-441d-959c-7b672767d1f9,40566411,
the wheelwrights,785200b7-7a4d-4a80-94e6-9025448d2da1,875416,
the whigs,6614374f-9992-41af-b9ac-d92133fc2bd7,1278600,
the whip,c851a52a-c81a-4d17-bae3-32165a6a2aad,410663,
the whistles & the bells,ede10f78-230c-420a-a60c-7fb311ce7045,42387,
the wild angels,9c713c5d-2b90-497a-afdf-378d4a325b82,1925631,
the wild eyes,940530e3-a39a-476a-9b68-6d218e35b46a,44536746,
the wild now,27f4447f-094b-49a8-9ac9-bdbf82642006,1101278,
the wild swans,3b2da0cf-ea84-44c4-bea3-0e90a52e06ba,3761434,
the williamson brothers,41a8a584-dfa7-45f5-97db-b40c0a0d9fcd,6185807,
the wind & the wave,5f5577a2-c38b-4126-b1c0-d9d4521acff3,23202646,
the winks,17031309-ba51-4f26-bb0f-52fe2902df26,511397,
the woggles,62a08c16-128e-4fad-aa4d-e5dd2ac17e37,1832200,
the wolf,a51d6ffc-b6cc-42b6-80b2-7ca71c491086,33702,
the wombats,1f7d0ac0-9eb8-4c9d-9e0a-b3fbde33b52d,33864,
the woods,f907eb9c-1c5e-49e3-9f2f-0b1ebb11bf17,13955405,
the world of oz,2ce70f80-d5f7-4f64-a74f-334227b7b797,8678824,
the wrights,50068f19-9f99-477f-bca2-4a9acb08cb22,42046359,
the xyz affair,fb679d31-a061-48ec-bd32-daf95b23b73d,345845,
the yellow traffic light,8919f4e1-071d-4ca7-9870-966bed56065d,163395,
the yellow-bellied sapsuckers,f2064a62-9d1d-42f3-839d-08655e61f428,351898,
the yellowdogs,7d681c90-4a15-4f83-8a6f-cb877799175d,620713,
the young lovers,703682b3-3b5f-4829-9219-fe13685f70b5,41835024,
the zebras,229910d7-336d-42f6-9633-84f0c3d3f0a4,34460,
the zeros,7ed53635-9251-45a3-a381-81301bf34376,9468477,
the zincs,4752df70-0731-4424-b12e-ad604a2c2af7,34420,
the zoltars,c80a4dd3-7453-4e91-8fd2-b6898960e679,33090508,
this be the verse,23d79b3a-433f-41f6-8f28-d7a62b37fa0c,992097,
this is my condition,d89c4c0f-6d38-4b6d-afd2-89fe9bf1ef55,1284563,
thor & friends,7e134f73-0ad0-43f2-8c2d-68efb4547563,316348,
throw me the statue,81acf499-7c48-4a29-b1fe-37672c230a89,15941915,
tim & adam,c68758be-75f9-4005-b7cc-962f5cbc5085,880928,
tjay 848,d87fac90-5819-4de3-af44-e053172f2dc5,47124047,
to the bones,0838b680-ad0b-48f2-ae9f-b2f672bee140,4099,
to the end,efcec5fb-a4dc-4bc6-b942-70e6f3e64e22,867478,
tolmachevy sisters,2a58688b-8319-4d09-b726-8b0cfc6b7b43,8649462,
toro y moi,0d25c603-c5d0-4d64-aa81-0366bd131abd,24731176,
trans-siberian orchestra,127b062c-9b9a-42d7-9324-a6960b5886b9,411133,
trio,9c9be627-6e92-448b-98eb-7b3680fb6027,192293,
trouble boys,befe1b93-0f4f-4f90-bc15-cfa5a2f3c6b6,30707554,
two of us,c14f39d7-6bcb-4e59-85ce-25b869b79650,13671109,
ty segall band,82912242-2fee-48ed-9556-67459c41b96d,30196117,
"tyler, the creator",ff3b92e4-dffb-4baf-b30d-d6706ff0485f,29202630,
u.s. girls,550e15a1-1a2d-4abf-882e-80a56f6cd8c6,49339406,
united rhythms of brazil,b7184253-6694-49cf-b7ce-bbfc18c0e3de,3383,
university of chicago symphony orchestra,312c02cc-abe4-4b5b-83b9-89c1a1a5a94a,150201,
van and schenck,daa99098-e206-495d-a433-432e1acb6b6b,265684,
vienna symphony orchestra,1d71368b-86c4-4153-a070-a47f19b0b95f,2385419,
vince guaraldi trio,8d2888aa-295b-4d0e-982b-b36e9fbf956d,42203,
virgin in veil,feab1917-b35e-416b-879b-ee030ddfcd97,68897,
viva city,20e41670-5da1-42fc-93f6-ae8a04fe448d,544789,
walter bishop jr.'s 4th cycle,5bfc3c83-f0d0-4757-ab35-1ab0af69cbb2,646057,
war on women,f943552b-ec47-42ba-9b6f-f88819da8b40,35627827,
warp 3,f4bf186e-f910-4033-9e52-677710441a66,435169,
warp brothers,b560c714-6b9e-4c13-a7f0-40d536b499ec,5624361,
we,9ee27d43-64f7-4df0-a649-1fdb8e4d569d,256349,
we are standard,b8c4ffd4-775c-4300-ba46-1db64b9d68bd,256349,
when dinosaurs ruled the earth,e657026e-5aed-402c-a6fd-ba13d809f198,2683739,
when in rome,8dd17d93-9bb3-48c5-be65-614f0acb4876,2276477,
white shoes & the couples company,1cd70de1-1def-482f-815e-a94d5dcc06cc,3769965,
white swan black swan,f5df1e29-c2eb-48e0-bca7-b70d05e46030,61550,
william and versey smith,e7d48762-5bf6-4343-b845-cdd4a2737e0c,47257131,
windy city,3338575c-6f04-4846-b7cd-0def5320bb7d,24585324,
wine and revolution,82fdaec3-0f40-428c-86c1-a2dc53e6a0a1,32961,
winter & triptides,e4508fa9-166c-496d-bd54-da1629a0b980,34061,
wood & wire,db6effb2-b4e5-4ffe-a9d8-3ba093f47980,33550,
woody herman and his orchestra,55d5975f-808b-47a4-9c20-7c53b528d5cb,284282,
wynton kelly trio,7b58e6ae-a2cf-43e2-910d-d37e9d91d4bb,1705139,
years on earth,cc498323-173a-44bb-8ad7-b5dbfec700da,9228,
young & sick,e9e4bfcc-c08a-4297-8389-aa9c508018c8,302029,
zack de la rocha,a7633f48-17c3-4084-b784-9a0e4632c953,222024,
zager & evans,26750405-bd63-4a38-92ba-510ca1d7f6f7,40326614,
zen men,9213f4fc-48af-4b0f-bd4d-99fe81a03e49,30153241,
zuco 103,f0f734ef-0000-42f5-9c81-b2cb51d73095,19638048,
