Name,Id
!deladap,30feb9d1-b9fe-46fb-858d-6b4175de704b, fixed in WIE
b line brothers,729f6455-b8e0-4228-8592-4f14a1590520
b rocket tha prophet,15ed8730-6f09-44a8-bcd6-d6d774955623
b.i.c (bitches is crazy),2d49bcff-e2bd-408a-be63-480479122363
bacckstreet boys,4e975a2a-508a-4588-9959-187ffe1ef0b3
band aparte,fdcbe543-c09a-4c5b-9848-032fea431791
band marino,2d3ef86c-7e6b-49ce-a1ad-b82adfc51e76
banda de turistas,44d22bec-3ac0-4253-8c98-8523639ab327
banda desenhada,13c0455a-5d27-425f-a7c4-f9d037b67196
banda magda,6bba4c21-f82b-4658-b9c8-17a074316a24
banjo or freakout,44cd1b19-9713-4f22-8c8e-4dd09e454b96
barely broke family,8f4878a9-a14c-470c-9a23-c746bdadfdab
barrio jazz gang,133ef006-4b63-4fb0-8ab4-5bfb2633bb16
bastard child death cult,9fa29e8f-2c75-4ab6-bc26-ef5778af0028
beasts and superbeasts,70897226-fcbb-4f59-b71c-36b6e472afd7
beat club,6dbdc501-aeda-498f-985e-230ad9bf6346
beauty in chaos,673ad759-8a2b-4086-a32e-1b5778cf85c8
benny sharp & his orchestra,f0826bb7-e71f-4a35-a198-3e516a259d4a
benny turner and real blues,67625e23-24ea-45cb-b90c-6b96eaed5901
beppe delre quartet,ed82fea5-097d-44e0-8b52-33a4834644d1
beyond the wizard's sleeve,4931d31a-d88d-4df4-bca1-e64be162f33f
big cheese all stars,8c96da9e-bd45-4300-bd9c-7b773b200aa6
big wy's brass band,9199c5d5-8a98-4bb1-87ad-5760feb53171
bill and belle reed,130bd50e-28bd-44cc-b6b9-728d9c405596
bill c da don,ef58a97d-b467-4b2c-9ed3-727529206b23
bill rice band,99845b3a-b097-4ada-8878-32776ee2aff6
bird by bird,5ef7d54f-de13-437a-9cf2-471c148c0bd0
birds of olympus,751dce5f-2d96-45aa-be54-07f658aa38de
birthday club,3ce32b30-bb82-4224-bcf4-f57ce145337a
biscuit brothers,dc228d74-2767-478d-99f5-3c617309afbd
bixiga 70,068f93c6-8a03-4be3-a0ab-88f2c84e8aaa
bizkit with butta on the keytar,ca5cd433-4272-455b-9e1b-1cafac16f8b6
black belt eagle scout,17ef9771-efd6-4f4c-aad0-f21ae73d5cc3
block 16,50a40633-4f40-468e-8ffb-1f1b723358f8
blu and exile,210b5f44-3864-4cfb-8194-0fc70abe500f
bob reed & his band,d7c24421-16c8-42a8-b6bf-824e89261629
bob zuga & his orchestra,5c088d10-55dc-453d-9ccd-4efe07cf773a
bobby hughes experience,a5957733-cdf0-4357-b1e6-edb3c97cede1
bogart and the addictives,8c62365f-169c-4a92-a7b4-85e7da9f2e76
bone thugs 'n harmony,c2502896-b5d2-4d60-9e49-e0c4f74d5341
bonfeel electro band,7e5e1a48-9833-45de-9227-851f9f83e732
bonnie whitmore & her band,8a9066e4-7dc3-4e64-9859-b575602a9320
bonzo dog band,628f1ca2-023a-47b5-8fa5-9fd75d8dbaa1
booms y claps,51212cc8-8d02-4e7e-8303-7ba3bd3ecba4
borchi y su doble redoble,09ac0b1a-26b9-4420-9cc9-41056546795b
born in the flood,fcffcc0c-c9d9-4fb2-8da9-ab696ae4c484
boston philarmonic,dd0abf77-c3c5-4c89-9378-31ba43110fc0
boston symphony chamber players,073d5425-7600-48bb-afc6-f7131e65854e
boulder acoustic society,00bb7c50-25c9-4855-87f1-f78ef422a621
brainwash 2000,6904faaf-33fe-4bc8-bae5-da8b3828dbb1
bread love and dreams,b6d08d38-01f6-4123-be45-a63a52bc7ef6
brentford road all stars,21158f31-ba35-4213-b060-d6db172b5416
"brighton, ma",bdc933c4-6465-4c5d-bb23-e0366a1c72f4
broken brass ensemble,6aa48d08-72d0-4a7b-b2b4-362cac48d0fc
brothers born,14ceafd1-b03a-41a9-aacc-23c55ce5a983
brothers johnson,cb03b9f9-8a20-4d05-b966-42bb1cfd1014
brothers love dubs,35f98aaa-522f-4991-b871-0c0a605ab3d2
brothers on high,d17f9342-bf99-4207-9995-2c432fcaf6d8
bucovina club,be6ecda1-dd20-41ba-9726-d502f8497b9d
bukky leo quintet,33f82c18-fa71-4d65-be43-54d67a067985
burniss earl travis ii,83c9790a-cf73-4845-9ffa-85eb32a2eff2
buscemi's beat to beatnik,b9023171-bf6e-404a-bc5c-a8b36e298668
butch cassidy sound system,030ab059-ce7a-45d7-ab6a-3aa0af291c8a
buzz-phorus in secrecy,4de563a3-a289-4475-acd7-46110fa1716a
c.j. & co,6840ee35-75bc-4105-b07c-4510394bb35d
caballeros del plan g,546c7163-4e12-444d-a57c-5b328411206d
cabbage orchestra,8927cab2-879e-446b-82ba-325565472b24
call of the void,fed2c25c-6afe-41a2-a876-6061d29541b9
calvin owens blues orchestra,f5d59e0f-1d1c-4efb-9b0e-eedbe9f61b92
cam for j.u.s.t.i.c.e league,d21875ba-8ef1-49da-9646-816894bd271d
camaro's gang,f174316d-1bd3-448b-bb6a-762304540132
capoeira twins,1f847a2c-12cd-4935-8e2b-0623bb9078a1
car crash sisters,dcccdeca-62eb-46c7-840f-2e46f160f72a
card on spokes,c3546c60-9c8a-430c-8073-0a3d65517fec
carrion kids,c84baf9b-6646-4cf0-84ff-9967a5c4c37a
cause for applause,1a5afbea-5123-40e7-86fd-ceb03fb38a83
cavern of anti-matter,1f5ee924-5a4e-4adf-b857-aa40eb5d74ea
ceej for two9,1ac5f5c9-6aa9-43d0-aaae-5f26c7fc3481
cellar 55,6e6d8588-0bb5-4815-98dd-69a9dade23e6
cerys of catatonia,f48137bd-3d9b-4e33-b147-f17fe12d6f23
chain of command,0c519b30-dba4-4081-a470-f5102358aa4f
chambers brothers,5d188794-2861-47e6-aa59-7b0774d5a028
cheeky cheeky and the nosebleeds,710d1869-843e-4462-a2c8-ddd219221b6f
chic flowerz pres patrice strike,f656580d-d9ce-4473-839e-1cb9c9b58293
chili 70,268c168c-5276-42f7-8c15-a4c0a45d6add
chorale de omena,6d8b19b2-03ec-46d5-9ba9-761f25c53fdf
"chris ""big dog"" davis",617b90ed-d398-419d-aacc-62d57e982753
chris arndt band,7aac96a2-8d6e-43a3-80ac-43cb4b96ca04
chris vestre group,9c27503c-1e4c-4714-b0c3-1e13d2ea4fc8
chubby knuckle choir,b104d43a-27a9-4389-b0da-1884b949591c
city lix,13a1b3e2-2a65-487c-924a-e08763b4a213
city of prague philharmonic,fbd2aebd-449f-4381-85f6-839e9849a017
city woods,6236c6e6-2924-4af2-bf01-3c0dbc556f95
ck west & co,394c67c9-4bdf-485d-85b5-2b048eb3f7ce
cliff driver & his drivers,7a0c542b-d403-4bfd-9736-88227dffe4cc
clinging to the trees of a forest fire,25c5218a-6ce9-44ee-b366-32650fc0a86d
clorox girls,f65d0451-8ee2-4268-aa5d-94561a3fc48a
club 69,eb872fbd-68f5-4e14-a196-dd4d736f7b7b
club de surf,36ae9d04-db41-4e70-9f43-d50e03fabc74
club euro,fc33efd5-a91f-4e29-a0ef-8a05ac06b0e0
club freaks,5e147112-3243-4d1e-96e7-3d2ed05e7578
club night,190df2f7-2730-4470-a279-2d2587241c2e
club squisito,6e3cb9f2-6eb1-4050-ad52-13d67b21a4f0
club valentine,53a6e1db-6477-4968-b170-90499c7e4849
clyde doerr and his orchestra,6180a705-06fa-45b8-a223-b10ea6d527e4
coach said not to,437a67f2-df2b-48db-8d4a-ec318900e3b3
colin laroche de feline,332dcd44-f4c2-4718-a733-f1030b648f6f
coma in algiers,3b0e9990-0737-444a-a0fe-5d2c21ad2e67
come on gang!,1b979956-8def-466e-983c-c3320148843f
conductor and the cowboy,8108b1c3-9897-4ebe-b4df-4b752c628aeb
conga radio,23b77d7a-116a-4444-b8a3-d51116e5d1dc
coober pedy university band,901a38db-df62-4584-8a03-23810b49f55a
copacabana club,4498dc19-deb5-4437-a3ae-f151a3b21e30
cosmonaut on vacation,3af9b739-947d-44cc-837e-bfdf73a5dc03
crash city saints,73ee19e5-1e00-4c65-ab51-bb391cc10d13
croy and the boys,5d5d97ae-27c2-4c25-8804-58247aa4dcd2
cruisin' gang,02d2db0d-e358-4a81-96f8-155f15d76a0a
cure for paranoia,c8c20d2a-2990-48f9-bcf9-c5943b82f38d
curxes 1996,8aa62b16-0ff1-416e-94ca-1b1b708a47fb
d and chi,df23254c-caa8-4387-bea9-85700a6aba1a
daddy a go-go,392535fc-0d49-40ac-a7c8-e543c11877fa
dance with the dead,ae41ca08-079b-4a91-9343-e88024a0f902
"daniel reuben smith ""listener""",a7315bbd-91a5-4bbc-8ed1-5e83dd6073c8
danny elliott means ii,740e135c-f772-4151-9485-9790aceeb699
danny green trio,b32dc4d6-739d-4198-8c3e-bdc61dcf387b
daughter of force,dbd92bb7-7c95-4213-af73-74b419b3a42b
"dave ""the snake"" sabo",26c88793-deb6-497c-abc8-65ac2d8fa57a
"david steven goddard ""eq""",ebe67524-25df-44e1-9906-a5685281ec36
de los muertos,a7783b92-ba69-48a9-b632-621a434a5dd1
dead or alive,0edf287e-3626-42ae-9aa1-2ea876e643a9
deaf in the family,c7313886-f5e1-4d21-adde-1695a3d77e0e
death in the park,20f23986-2fd5-47b3-a630-5c5db6cad1ff
death on two wheels,5dae8cdd-5ade-425b-90bf-daf7aeebdbb0
death valley girls,c596dc1a-aaad-40fc-8a95-6a430947b4ce
delta cross band,ea738ea1-3a92-42d6-a025-f298952db5c3
deluxe all stars,a7191b99-2134-4e30-ba57-9ed57eadbde9
der original schintl,3fc64b5b-3e8f-4084-9897-52d7c59d5673
derobe dance band,f2920169-73ca-42ce-b8e6-0f2ac6f8694d
descartes a kant,280cff05-d538-4864-a13f-5304f883135e
desnudos en coma (naked in a coma),5aeaa1bf-1877-4df1-9c44-7ab813ceae59
desusino boys,9b73c9ed-174d-442d-bfb4-a6db5d663fff
detroit social club,9d3cf57b-299d-4f6a-a459-9edbec063eb1
die original ochsenfurter blasmusik,6c5c2ae0-486a-49a0-b576-b54d60d50f0c
dimpker brothers,8f006308-ddc2-4157-b8a5-958369637f56
diplomats of solid sound,4df86d2d-62ea-4f4d-9248-e32125ce20d7
directia 5,b9a63e59-7d11-4c0e-80d8-4b7c0e189aff
dirty art club,a7744822-c4a2-4371-b0f5-2d509ab96b5b
disco dream and the androids,6344d52f-4295-47c1-8871-a26bccbce1e6
disco las palmeras!,cfb4a39e-a607-4d2a-a091-7630f6834868
divide and dissolve,7b0ed693-e690-4b4a-8f1e-8e0b60de7b5b
dj car stereo (wars),4de1b710-85d1-45c3-aad0-cda571821114
dj ceeplus bad knives,3d5899ac-8c32-40eb-8cea-67a8cfb9bc88
dj d. ein fell,2d7b45c5-bef4-4b15-b27c-b03e4696a65e
dj jester the filipino fist,c6353960-e958-4f46-a56a-a8616686f46d
dj koco a.k.a. shimokita,55e0c8fa-69e4-48a0-9c22-ad1b7316996d
dollar band,bbf863bb-4377-468e-b236-32c5754e8211
dr 2fat,c63a5871-f602-444a-96b9-a4e8e2ef869d
"dr. bobby banner, mpc",d16458ff-75db-4cd4-ae40-38190a53056f
drew smith and his band,3479e980-4432-44a7-a6ad-f2a7076ae5a1
drew smith's lonely choir,d84d5474-610c-4d49-8f78-bff2af1457f9
drinking boys,11bf618d-1c1c-40f2-bf13-ca378e07e552
drongos for europe,bfd6f413-a470-4428-9978-08c2d6bf653a
dub funk association,7264666d-8b74-49ad-8b63-117ccfe1a63f
duke robillard and roomfull of blues,2796b549-d3de-44b4-abe5-6e4eae1c7476
duo bud,080e4d20-146f-42f3-a1a1-14ad7488b5ad
dupage symphony orchestra,8413327a-b6b6-45ac-a4bd-76eac3e39965
duran y garcia,881a5424-6fdd-417e-8582-5df27a99db62
dutch's basement blues band,b1a4d935-5a20-43cd-adfa-7f8bf9e4a349
e l u c i d,79340685-08b6-4f03-913d-af84dd87dce0
east 35,a725fe77-2362-46f4-97f3-f25e3d740653
east of my youth,36d70cfb-eee4-4e80-a5d7-571bf4873055
echo wants her voice back,fb7d06cc-3423-499c-9771-b0dbb8a0f988
edgar van de wingard,369ce51a-4813-48b4-a3bc-fca17f210875
ednardo e o pessoal do ceara,1e6696b8-47c5-49dc-b169-dd84de5eae9e
egrets on ergot,8c62d703-98f3-4d0e-8b72-a912cbb793a6
el babaku,932b7a44-bf37-4178-a476-5f24e660257e
el bles,654c73e0-0307-42d8-98eb-69f25cb3f3d9
el david aguilar,9e65f99a-3b97-4111-88b4-16675c16fd91
el dusty,62fe008d-af3b-45c8-acdd-4e0d8c814087
el extrano,613b915d-9dc4-407a-a773-f1c18861c598
el freaky,b18610d2-3408-483b-9ec5-b7b6e35a336a
el general paz,7731a149-e325-471b-8dc2-cc7b4e358c51
el huervo,28940dd8-6df8-458b-920c-1114e9567d78
el jesus de magico,b37a4783-8f16-4008-80cc-1a5cc2ae418b
el manana,d3413613-e35a-45ec-a236-85670bd5ab00
el mato a un policia motorizado,df021cb9-4f35-4a12-a5d8-730e27b9ed7f
el menor,afbced4f-a951-4383-b39e-454f14f74c16
el otro grupo,6f69b294-2048-4349-9454-c46ae3475d54
el tambor de la tribu,9fa5f5c2-156e-4bfa-b265-f885dba0e894
el tigr3,ec665c86-a76a-4ba1-8d29-b80c4a2fa43e
el torpedo,b0dfbfbd-873b-45f7-87d4-ad62ad224454
el ultimo vecino,ea0bfce0-d7dc-4431-8375-b91ed4e2b33e
"elizabeth anne ""z"" berg",8eb4960b-8fa6-42e2-af38-9e70a06e3e4a
england world cup squad,0be07da4-5045-4245-a91c-43311c97260c
eol trio,6e487ac8-eb13-4f00-91ad-a92cc9b6c687
erotic drum band,bc379e90-009f-4680-bc33-b8aed22ce73b
esko linnavalli new music orchestra,32fdbcd9-aacc-4375-a2f7-957eff344f66
et aliae,d105c8d2-3808-4eca-b3b8-2bd7bdf93ba9
et ret,7e0ca4cf-fbec-443e-8bc5-8d90e5ca5778
et tu bruce,9a5b53d3-af27-4fd6-8bd7-c0fe93a9fb55
eugene mirman's cabinet of wonders,76bb98f8-33b9-4db5-8d8b-ff09dcb6c1dc
ex:re,7c63288d-13f1-4fa1-9840-2e6ff8c74a46
exotic band,ea012998-1748-404c-9511-76dc7d73f9a5
ezra collective,a0f1896d-e610-4db5-a329-39039e70d607
f l a c o,5228281a-560e-4fb4-a452-c1f0ad39ec48
fathers of sound,23159c6f-7b19-4d30-9f53-f14d17d40e3e
fatima spar und die freedom fries,7caa5bfb-cae7-4652-b399-4c2dc5447d35
five corners quintet,39f52b75-08a2-4ca6-8979-ec74d4bec885
florence + the machine,201fe250-05ff-4465-902c-c03ba57b29bd
followed by static,5134803d-135a-4e66-b189-395596e715ba
for esme,145c417c-3f63-49de-ab40-20f112b6f46b
forecast in rome,5517a25f-bb35-4c3f-955e-59110051ad8c
francisco y madero,59f1d17c-045d-49e3-9c92-564e4ce96d6a
frankie and the witch fingers,17bd0785-a36c-4de9-9f90-f95f5c5e71a9
frankie c. wilson jr.,9b83171f-19d2-42f5-9f9b-e8a379cfceee
franky und enrico,41850e29-beca-4d01-8396-5fc63d9f331a
french 79,75536e77-51e6-43b9-aebf-579a340c194d
friends electric,6668b2ee-00ea-495e-bf5c-fdee5babe4e4
friends lovers & family,368fa233-e68d-4a5b-a53c-a03d660f6bbe
frnkiero and the cellabration,49f57437-db2d-4148-90ce-afbe26d852b5
funny twins,64d7d755-d373-4a8b-bb94-228b9ed66d10
future loop foundation,a63a2c8b-c131-4b38-90a6-e09ac7565035
g.r.i.t. boys,5c59585d-8439-4dce-b461-75012f13c55d
gabbard brothers,e32daff7-12ff-434c-ab3d-a0e3971f7020
gabriel royal,bf15a62a-f567-4d26-8569-c219b664aad7
gardener of delight,819d795d-452f-49b9-8068-c3a8c0576090
gardner chamber orchestra,0b9ee919-4ff0-453e-890e-180694be12b0
gator nation band,b89ffef2-e613-40b6-b579-dffa83e8e26e
gebriel brothers,f367b0e9-6dcc-4637-b5c5-31f0cbc8cb82
gena rowlands band,7208b6db-994e-48cc-babf-256b25014a62
gigolo stop the jocks,8cb61081-fc67-4dd3-b70d-2e7f6db5b619
girls guns and glory,061367b2-6bfe-4048-b89a-981612e25bf4
giulia y los tellarini,7331aa91-a996-4e81-a4b9-97289c0a2a43
glenn rexach group,ddb2c282-1907-4867-9787-a4fe186be77b
glenn white's sacred machines,0049127e-3ce0-4abf-9d9d-d620349b8c33
glorious voice gospel singers,790bd0fa-1e69-441c-9fc4-40c464bac5c4
gluhen 4,d632ae23-a614-4eef-a1ee-de7c1ef26bca
god's temple of family deliver,6195cc99-e3aa-4c33-9136-b3db4686611c
grand blanc,2dc7828c-32d0-4c4f-9300-8903a78fe586
grand circuit,3a19ea66-f581-4b69-8f12-4c909a0f438f
grand malheur,fa65f87a-e706-46eb-8bc7-1eacfbfcf5b7
grand unified,a6bd3ef2-4a8a-4f39-ab93-5b72568b7284
grandpa death experience,c1d31125-097d-4b1f-94e1-78b8a9abaf6e
greg ashley band,677cc74c-53ef-4bf2-8f73-497888803cb3
greg harris vibe quintet,8aafa846-1c7e-4ac7-b41f-bfc7a91e3c9c
gringo gang,6dfabc75-7e2f-49e4-a4bd-7c00c1caf108
group of the altos,c7fd5561-6c6b-4859-a623-c8fd7b707b51
grupo rebolu,4bb0365e-d31e-4688-83cd-2a1c3696d810
gus jinkins & orchestra,beb150c3-853b-4a68-9ee4-28521e888709
guts club,d5d0241f-b831-4891-aadd-436d4e90bf87
hard girls,fb0661de-303d-4509-9c0b-b1dd52458080
harte 10,6d52808c-eb12-44b3-842e-2bfcf7481d1e
heather 'lil' mama' hardy,a180e051-ea55-4f1f-a9d4-2c6d43b65db3
heinz muller n seine ruhmannsfeld'ner blaskapelle,5ea882d3-a087-406f-9b11-7d3c720fa325
helmut hogl und band,f1980b87-c528-48be-8c62-976653a80b62
hesta prynn in civil shepherd,eb9777c8-2a0e-4b15-bf8e-5680c028fe4d
hety and zambo,2d2cacf3-8624-485b-8a7f-76054944da2c
"hi, brits",3de8bbfc-113c-45a9-b058-5f2e74918e9a
his orchestra,447831a1-ec90-442b-949f-4590db719b4c
hong kong blood opera,a71c8a9a-c7b0-4cca-b93d-82c4e6085fdc
hoots and hellmouth,aa4f0639-2cfd-46b4-9d0e-4dfcdca59cb5
hot fab djazz club,fe0a1f1f-539c-426a-a93e-ff6def9327d8
house of broken promises,270d5cfe-9245-4d88-93ff-7e2d989b25da
house of kenzo,52ac7ba9-fc60-4dfe-9099-e4239babbb69
house of waters,a8fd3499-506b-4d6d-a618-ae9d916fac6c
how i quit crack,95dd9b72-5f32-4cfc-ac8b-6e486370052c
"hurby ""luv bug"" azor",eef16dc9-b9f4-4f21-8df2-1fd7d71f942b
hurts to purr,df3d3036-3b89-4a7a-8d50-ffa51c6212ff
i am snow angel,633d6df2-77e8-4e6d-b262-8719cc0a12c2
i am waiting for you last summer,90da9404-930d-4985-afa9-0b4c7bf7f8db
i m u r,eebd0c29-52c3-4f3a-86fb-003ca809aede
il ritmo della passione,ea4cec8d-0844-4de3-80b8-df25c3ab6c4a
"i'm a lion, i'm a wolf",02053f69-f090-4891-aab2-ba9ffe978b21
imad royal,505a2d4d-138f-4006-83f8-a6ecb8b32681
in black print,cca0ac0d-8564-40f6-a7bf-230b2acc3729
in stereo (perceptie,a423e915-a3a1-4b38-8f39-0f50c673314e
in tall buildings,3987608e-d355-4662-825d-76ff913c6c7f
inigo montoya et grand soleil,a9d3ab22-31a5-4303-b8cf-f86b28cea01e
italian boys,35bfe20d-4189-47a2-806c-b0e279a529dc
j.j. soul band,811ea87f-07cb-4f52-9524-7d57e3ead621
jack and the ripper,6035f2af-3ef0-4f8a-809b-436e25d71fbb
jackie's boy,f1924ac5-9c06-45a9-ba88-8e72e7ea2422
jackson 5,3c77c570-310d-4fdf-a475-00c7be35a3ad
jacob dupre quintet,919fef62-eb15-4487-8c9a-3757ada53c4e
jacques and the shakey boys,a4af1eb5-543a-4255-92f5-2cc236079d42
jam & spoon,bd34ca82-5825-47ab-bd7b-8f280d13b7e5
james moody and his swedish crowns,5318e053-8d20-4394-a73a-8d4a8d2b3419
jasmine van der waals,dbfbc1aa-6cc5-4f5c-a9b4-9cd1a19c603d
jason adamo band,0ad16ad4-6646-4024-a458-714fd11a5146
jealous of the birds,751f4856-2845-42f7-96a4-705bd3059597
jesus makes the shotgun sound,40dbf7cd-2eb9-4a77-8e13-60ef1da0279d
jim and sam,17500ae8-3f72-47ac-8c44-a99cd7bc0434
jimmy spruill orchestra,8535e861-3d1f-4ce4-9f56-278dd9a83fbb
jinzo the trap lord,697087f1-8d11-4333-888d-1f392e257982
j-nice the kingdom builder,b3f6de98-2591-4d18-912e-a8bef45c1158
john dear mowing club,16d5a0c9-111b-4d6a-820d-8362bbdb3666
john schooley and his one man band,d7a8f347-44b2-4758-ba57-1cb88165c6dd
johnston brothers,591dc21d-64ff-4894-8a9a-4148295ba59f
jonah levine collective,5d2297df-082c-44c8-a22a-054e338846a3
jones family singers,66f1d0c8-ed8b-4c78-a54a-f5a35b974125
jp floydd for kids these days,07a5cb1c-f130-4b5f-ade4-bdac5c7a4910
jungles!!! from red bacteria vacuum,460d9f7b-1a52-4bda-973b-632b7ec0249d
kafe pa 3,ab0cf916-40fc-4de5-9b83-12ee1006264c
karg boys,7980a45c-4c5c-46d3-af6d-0fec1d98cfa3
karminsky experience,9696d5da-4023-46e9-b86e-b0f9ba0ee959
kathleen grace band (kgb),d683af16-44aa-46a0-bf3b-220df89a052f
"kawai, mal duo",a30b074e-103c-4ac4-bf0f-44f006c4f697
kb the boo bonic,666712a4-dfdf-4ad3-9827-435723fab95c
"kevin ""d.j. battlecat"" gilliam",a4affaa4-0434-4dba-bcca-bfc2f41d2bfd
kids n cats,324e2db1-4c57-4a58-af3b-76ba752c5852
king of conspiracy,24143496-3795-4032-9a69-8933cd7e09e6
king of spain,c7eab7e9-78ab-4df0-9543-b8b4098f1aba
king rocker all star band,2180862d-af68-4cda-bc17-9e1d3ad63029
kingdom of suicide lovers,0ff3c0de-02dc-44b2-acbe-23c5967acef9
kingman and jonah,216b5880-e07f-47f9-98da-3e074f6a2482
kings of tomorrow,d34866b2-7d59-4bce-868d-29d307c71e34
kloud 9,908b52eb-5d14-4541-8d39-d5344d627ce7
kodak to graph,8bc711e3-646c-4893-b00a-00ba61a1b63d
kool and the gang,7acbc748-363c-41bb-90c0-f96d8c60688f
kool keith aka dr. octagon,635fe819-6d47-4d07-b9fb-b9cca51d5a3a
kopecky family band,649d6eff-0f56-40de-985d-025482a946e5
kowton's feeling fragile,d594f93f-eb3a-4d1e-afe8-9d3514179e28
kraze 1,bbdd0faa-b9fd-4f66-9e9c-d21aca141211
kunstner 5,0e7db0f3-9ae4-4936-8ff5-1d81b4ebcd93
kurt stifle and the swing shift,daaacd3e-a483-4262-98f7-dbdc89f1bb7a
la banda acustica rodante,dc45ce82-08b9-4ce9-8d1c-d42fb0a5b5d0
la banda baston,77b4fa22-307d-49d4-936c-ba58846d7301
la banda morisca,2191cef0-68e0-4b20-ad91-46f325912cf3
la cuneta son machin,fd493b2d-63ca-4e8e-b00c-94f9a9b64728
la fragua band,80a5fc71-c94c-4f0d-a7b5-8e7dcae6ee96
la goutte au nez,cba1ee3b-1a69-4912-99c8-2e119b9c29f4
la procesion de lo infinito,3bee98b8-0156-43a1-b750-2838a20c0424
la real del sonido,c74a0c18-1826-4b3b-b584-d2f69e971cff
la rochelle band,3641c0b8-e8ea-44c9-bafd-fbd7be928d72
la travesia del alma,448665ff-35c9-451d-b669-80a1174ee4f8
lady dottie and the diamonds,b780c01d-c824-48a4-9805-80fb6daa18d5
lance (fuze the mc),08acefc3-f3b5-4a86-b277-a7f59e431f39
las delailas,d1423eb9-d586-49de-935f-37acc0798f0a
las rosas,8482de75-8113-41ab-9ba8-08f5a3722b8f
laura palmer's death parade,f1adad68-ede7-44aa-8a77-aea4081d0d7a
laurel collective,84dc8bf4-8021-4a77-a810-b2f72fe16e29
le meu le purr,b872c981-0d11-4e4a-a911-ba94da1882b4
leather girls,b4ddf864-5fd9-4bfa-b17c-564a5eef58fd
leith congregational choir,44575b83-3949-4c84-b9df-18b2a319944d
leon of athens,1a2d1676-8e6e-4136-98e7-b66a528b1e50
leonsia erdenke trio,e865ef71-3ba5-4b60-a969-7cc7c0c0534b
les barons,607a8864-c49e-42ab-8ebf-bd87521909d3
les big byrd,971def9f-64bf-4bb0-8304-ce7edcd62ff2
les chats noirs,035c969f-1163-4301-b848-52883265d9db
les deuxluxes,d5da8cb4-f323-40f5-acd1-90a523746c7c
les fauves,39d4ee9b-91ca-4044-9a96-f0d4072bceb6
les handclaps,096f816b-d6d6-42b1-aaef-f750ad068f4c
les hemstock,119d9ef6-1b6e-46ad-a4ec-7f2a90967ae1
les petroleuses,f5f8266c-0d39-4c78-b7ed-19065370a2dc
les rallizes dénudés,a40315e1-1ca3-457f-a39b-815f82bd7d48
les shades,b8316f2e-cee2-492b-b96d-6b34ba3dc078
les vivants,7e913a11-25d6-4a53-8b16-05ce0b130334
les voleurs,6ac035d1-7278-4faa-9d75-c5b3b0349df5
lex the lexicon artist,e3d0ffd3-5e8b-47e4-b2ad-fbb7e16d4516
lexie mountain boys,b5d5e130-70e4-4f48-907f-d181887774fa
light club,6ffa6f92-18db-4b29-919f-f7c0d6ca18fc
light in babylon,5f7c3743-28f1-42ad-88dc-89ce5cdf96a8
lights & motion,f6bdb158-47e6-4b1b-a0b6-504ccd7d3a47
lights on ceres,9ac9ec7e-5d57-4c80-84a5-3f6ddac3123b
line upon line percussion,36459be4-ccb0-4623-adc4-687b81ed0016
liniker e os caramelows,bc97d9de-a6c1-4385-b07e-fd1ad8dcfd97
lionheart brothers,46fd85ad-f684-4da8-bab1-8631e4d4d21a
livin' in da ghetto,12c7b82f-4d39-43ea-a58d-8404fc83390f
liz cooper and the stampede,09b2ad90-3b2a-44e5-bd16-3878252742e2
lizbeth roman y los duendes invisibles,3dadf12c-28c7-489c-a461-a4d9162d034f
lizzie and the makers,e240ac25-d9a2-4a4b-a9ed-f31db8100304
lloyd marcus & friends,9e7778c7-2319-466b-9298-c64307c23857
lo greco bros,35c1ba94-cc0a-4d7e-b31e-091f74e50ff8
london saxophon quartet,420290f3-ae7d-495e-89e3-682d3d99ea3a
loquillo y los trogloditas,090798c1-fea1-4fd8-932d-2f9d84efc2d8
lords of altamont,528f9d43-3211-4ada-8f25-409c3f68f167
lords of fuzz,2434c513-f26d-4239-ac4e-36cff51ca6a6
lorelle meets the obsolete,cb498ab2-3628-48c2-ab32-4f18b08d755d
los 3 dinners,3277d861-cdc0-47a5-9dda-aeb1e224ab72
los amparito,1db5a567-3695-4803-922e-512c0a77150c
los bad apples,02096365-8af3-47b5-94b6-3ef1bd1c2d7c
los chinchillos del caribe,ea3321e2-377c-47fd-819f-ca5d5c2fc32e
los coast,d3b2f975-d641-45c9-9d39-75af00337b74
los detectives helados,805be095-05f7-4ad7-ac7c-0da66c17d25f
los gaiteros de ovejas,9f8f3663-267e-4b6d-a65f-b1332b9d78e1
los hermanos abalos,ac6c2315-0408-4872-a0fd-0c0198a92e4e
los llamarada,ed6c7430-f5aa-426b-a180-71e3a31f0f26
los macorinos,f8d03db4-4319-4a6b-a863-472163eda17b
los nastys,34203cd4-a2bc-43a9-a327-444c6b3cf235
los nativos,09fd98c7-f98d-4bc2-8e14-ed75a1849927
los outsaiders,c6db07a9-f9d5-437e-a747-ea3048cf1aed
los pirata,0096d739-185a-45e5-9bda-28ae5334cdd5
los profetas,82c47c68-dbfa-4d2a-90fb-b60d5265b7a3
los prolijos,f23d2c36-aca7-4bcc-88e3-da8ebd749a0e
los reyes vagos,0773bee7-76a6-42dc-975b-761203336faa
los super elegantes,d68ed44a-8e9f-445e-b33a-978845e7e14c
los texas wranglers,08002dda-15a0-4ab7-8be8-7331116a98f6
los tres ases,6553e1c8-fe17-4318-8efc-307c72a020cd
los viernes swing band,fe8a33db-f76e-40ea-b68e-0f11938ae18a
los wilds,c01a5a6e-95e5-45bb-960b-3f82092509c3
lost brothers,8ca0129d-d1d9-41c8-87ac-9d6fae713a42
love of everything,655b847b-93bc-43da-b2b9-ed3a6b8be936
love unlimited orchestra,5e90d8e1-61de-4af8-9102-792c0a6c81ca
lowkey of southbound,cce6331c-a017-4c49-9df5-247840e3d1db
luca rovini & companeros,ac67559e-6d3f-44b8-bd15-676b0ea8d637
lust for youth,35909a49-36fe-4659-bf0a-6af13a7a3194
lydian collective,1eb2f0f1-d4f6-41b0-ad85-1a11c58e0a10
m a e s t r o,637677a7-4f20-47d8-9609-f2dafa1385b2
m. takara 3,d3e80168-fbdc-4b8c-b147-61ce382b1d2f
mahya veray y su trauma,c7351ebc-b2b2-4236-aabb-1bf97802e59a
mai dhai (thar parker sindh),8835c013-3dd7-40d0-b7d6-54d9b6e71f0f
major boys,ba230763-53f1-47fb-a217-ab2cc3d21504
make a rising,e0dd9db5-85c2-416e-b4ca-b4ac3060dbf0
manjul humble band,30d0963b-dc73-4db0-bc32-c7ba9c649ad9
mannequin men,05690a54-15de-414b-8d7d-8d7fc7867149
marco benevento trio,aa87a8de-0225-4692-9997-f817ff65d174
maria y jose,915b33d4-6a77-4c94-9b4d-19ea6d318916
marie et les garcons,f1a21180-5bb7-4e20-ab0e-a005299570ab
mario luis pino rodriguez,17752211-ef85-4897-818f-b1ffde2c8cce
mark bragg band,df38234e-b441-4740-8ff9-f582f92aa839
"mark thomas ""mtk"" kluepfel",ad43edd6-0401-4cc4-b5fd-479460978cfd
marlon and the shakes,1cc910e9-5255-4461-b802-79782e019bf7
marta pereira da costa,bac63b7c-b9d1-48d8-9e70-05af913d3cc2
martin lubenov orkestar,4eba6b37-6fcd-4a96-96ba-aa7f8c53dffd
master blaster sound system,2ab67deb-ba51-4f7f-bc15-6afb6e275f0a
matt gilmour's patient wolf,fba54767-2c52-45ff-8c4a-2539371d1284
matt pepper trio,045838c4-5bb1-495a-8cd3-48157cc01d7b
maureen choi quartet,4c53f11d-1295-4146-9f82-b095a378e9a9
me and that man,dfb2325b-5d8e-4bf6-bd7d-e4cf7b2a68e7
medi and the medicine show,8f84aec1-79d7-471a-91ae-540ea7e5fafc
mejor actor de reparto,015c2148-52f9-43e7-be80-3b0d065bd886
memories in broken glass,ae345dcc-b375-46f8-bff5-1409545dd5bd
merl saunders quintet,46afc568-5059-4b54-9520-393869c0419b
message to the masses,b9c73b74-a336-4806-a078-facf572e3dc0
messy boys,fb13a696-2264-480f-9aed-c460971f8bcc
metro area 4,22d36e6a-8562-4286-8641-5d81131cc3a0
mexico city blondes,c915fea7-a7d6-4ddc-86ef-a17a36158ebd
micha von der rampe,bc033116-9cb1-4803-835a-83ea2f5dcfcc
michael naura quartet,bc9ed044-2e88-482d-8ac6-6c92005d955d
michael winograd klezmer ensemble,979da605-5612-404a-a17c-a5ae60685812
mickey de grand iv,ed1e8fc5-d4f6-4223-bc6b-df457105a1a1
migrant kids,ae03a866-e8b8-43a3-8850-cf7dea989b07
mikey and the drags,349366c7-97df-4ea7-be4b-910eb5fb6116
mindz of a different kind,49e4d62d-819a-4e39-b73c-3cf00b34a976
minnesota chorale,cfd09ef8-3062-4e6f-9816-f9f280208279
minus 8,3035d45d-fdb9-4b6c-886d-1936884c48ab
missi & mister baker,3ab560cc-09e2-473f-bdea-2d030508aa10
mission to the sea,4b8e29ee-38b1-4953-810b-bd85ae4527b1
mistress stephanie and her melodic cat,d4a5e63e-fd3a-4ed0-a8ca-bd0d48ad375a
mitch marcus quintet,97cd29f4-97cd-431c-850f-75874bce81eb
mittens on strings,b795e4f1-3a31-49be-83ff-9178b7017635
moe gang,c6498ede-dbd3-4a0a-8d3c-bc4e92c1768c
mogol audio 2,3a55c870-3a30-4d19-9376-ed2d7f6ee6c8
molina y los cosmicos,d9e10ca8-f124-4109-bd4c-60d63a415946
monty norman orchestra,421c60e4-470d-4936-b5e4-84940f30264d
moon city boys,bbc027ad-e93d-43b4-8638-3bb61ed39c11
moon duo,6404a9d9-96a1-47e1-8329-577659bf1413
more to monroe,ef2c5617-e532-4dc4-9624-e8b014e6c7be
morning after girls,b3899aca-31c6-4bcd-86fd-4d180c2aaccd
moses boyd - solo,dfce741b-c6be-4a42-9e77-b9df56f5aa17
motihar trio,cffbdf05-9608-475c-baf6-60438a63c81a
mozes and the firstborn,66b0cdca-b224-4a49-804b-fbe887727e24
mravinsky theater orchestra,2a757903-83d5-4ef6-8279-6ee75d11a925
muck and the mires,aff5b4bb-0050-494b-b60d-1d4cf018f110
mum and dad,d6318d2b-e21f-4247-93ef-a5166cf268f1
mwangaza children's choir,fc506a68-6b54-4223-8a38-30ba84beab5a
my dear disco,fc07f984-da72-47c9-a240-258fdd3a0f0f
my education,5aa19917-ee73-4556-b051-30001b0c0fde
my expansive awareness,680cfcc9-3106-4d33-bdc7-8f4343ff0c48
my nu leng,c9c3a28c-5ac3-443d-8fa1-1e29978ad8b0
my second surprise,9bfff92c-6780-49cf-b1cf-15936a879f68
my skin against your skin,317c74e4-2ae7-40be-944e-313e2bb27a8f
mystic chords of memo,bb8ecad9-e0cb-4ff4-a24e-55e66f6a0904
n ! men !,02647048-06b4-40b4-a6fd-b36d8c11252a
n' i maphumulo,47e7cefe-49cf-4d6a-b6c6-cb19b2682cac
naked on the vague,9e43d02a-5e5b-41ed-8b31-9071de7ff2b3
nalin & kane,48116ada-30fd-4e22-b7c0-c2afc6d73f5a
natig rhythm group,2f337e94-ea96-490b-9bc1-f54b0fc096c3
nature of wires,633a145c-95fe-4134-9d81-ab7eaebbed1c
negro band,4b2a3d8a-4d83-4291-838f-60cf7e322c92
new alley corp.,cdbaf708-ad70-411f-ae0c-7eb56aafdf0f
new bohemians,0008accc-c879-4c5e-8787-7f877481d032
new effect,57614472-9fd6-4e86-a648-362648945318
new fame,1f11fae1-34bc-47c9-9276-a091ddfe074e
new london fire,de2e1978-f269-4aa6-9607-5913a97692e4
new mastersounds,9fd40808-4544-434f-8599-cbf6a13bebae
new orleans bounce,15fdc5c7-7ad5-42b8-9ab5-848e30c3d0ce
nicole vergel de dios,a265f1a1-e348-412a-9916-ec49d1e586a5
night of pleasure,d06dff8d-7d6a-4a35-8008-e31b7bfa57f5
nightfall in camp,3a8f3d40-ef46-4e73-941e-c9da2fc78dce
nightmares in wax,7edd8a22-3b5b-4a5f-8c42-61a1bd9f071a
nksr aka cinematic experience,ce7e8bb3-94af-4997-bf28-48d484991f56
no party for cao dong,819bd13f-3c62-4220-a592-93d11e103809
noa james aka young orca,2801e7aa-ec1a-4cb2-bf3c-547f90b42c68
noah lewis' mahlon taits,5d44722f-395e-4184-9887-42ba2f75da57
nobody beats the drum,21a91d4e-853e-49b5-bd86-698a3ac9f55b
nostalgia 77,0edd69ef-bbc8-4199-af21-354340dc6ae0
nostalgia 77 octet,edc2e991-6dea-436e-82dc-a800cef00cf6
nox boys,fbc59666-e0aa-4710-92db-01c778411b5d
nu collective,5c222817-207d-4245-812c-ef0df1b0eb22
nusrath fateh ali khan,c80744a8-99df-433d-9ec4-9abb9e524811
obrigado por ter visitado o rock down 13,7354f4a7-f1d4-43e1-a7b2-76a605f402a3
obscured by echoes,5c359689-8907-41e9-9141-76c5cd4c4184
"oh, rose",0706dc63-7610-497b-97e0-e9ac262dc32c
"oh,beast!",cca36633-f556-4cce-8d39-a3d5b069bd5a
old future fox gang,ee7c3251-b37a-42a7-8c9e-81727b268651
orchestra of spheres,4a2537d1-ee66-4221-9edb-7da2185f24e7
orchestre national de la radiodiffusion francaise,4f44f3f7-7d54-4a6f-856e-9cfccb7dfe20
orchestre national de l'ortf,aa9ede23-157b-493c-8b4a-f90924f400bb
orchestre poly-rythmo de cotonou dahomey,d9a4fec7-679b-4f7c-a7e6-1c740a1130d1
orchestre regional de kayes,8391e7b9-647b-4fa9-943c-82cb46d18b88
orchestre revolutionnaire et romantique,da7fff24-cd83-45e7-8a57-03c054e14b4c
ordinary boys,6e18d7b1-70b3-4cd2-b9eb-0df8ad171e9e
orkestar dragana ametovica,0310f297-cabe-4bb3-8fb5-8e52ed109b62
orkestar kriminal,1b83162f-21a0-494b-b642-fabb115eac9b
orquestra contemporanea de olinda,0dccb336-5ac9-4db8-8618-852d0ec5034f
otaku gang,255fd093-de9a-46cb-9592-43b40789cdfe
otto ehner und seine bayerische blasmusik,849a4cc1-f3e5-43c7-a0ac-093ca4ce8d0e
otto schwarzfischer und adi stahuber mit iher,6ad649bc-fb4b-4843-9d1b-7573da50f06d
ovasoul 7,296e4f2a-a2dc-4b2e-a56d-daf03b59293e
owiny sigoma band,4514aa4d-362d-47bb-8d1c-6e633afd0bb2
pacific jam at my apartment (pjama),41b21361-7a50-44fa-b1b8-967a6123892b
pack of wolves,5801e62e-ad3a-4df1-ae01-956a69c81521
palm school choir,3add997b-358e-4be3-a448-465c7f0786c0
part 1,a0e2aa85-de5a-4281-ba30-c09a963916dc
parts & labor,d03020a5-88e2-447b-988c-9925358bf70e
paul benjaman band,65bb6107-816e-4ed1-8dc4-6bbc17400ccb
pedrina y rio,c682bda2-9bd8-4dee-8b1b-012c15e4fa2a
pedro homem de mello,6be062e3-74f6-4c46-862a-9036a34e1dbf
pedro menendez fusion ensemble,c623ed3c-c683-4c84-af14-cd389413c8ba
pedro menendez jazztango ensemble,0305ba9a-ab2a-4248-983a-0ded6fdfed94
penny and sparrow,5488d2a2-4df0-4a56-86cf-0044db7bd6d8
people's blues of richmond,def19fc5-64f5-40d2-b291-a27f4cbe2a5e
"peter, bjorn and john",0f6d38c7-812d-44c5-8263-1cec307010d3
phil and the osophers,66dcef17-aa16-4e99-b4b0-1f0f10549aff
phlash & friends,fb0cfd81-49a0-465b-af25-0b8c528ca28d
phosgene girls,18f9d179-a418-4cc2-bf69-a88494d964f6
picture my vision entertainment,ea076719-b294-4ae5-a56b-2ac661d1caa7
pictures of mirror,b0188adb-f092-4d9c-ad0d-614454a5204e
piscine et charles,97ddaac9-fa41-442d-8de5-2a47ee6da061
platinum boys,1da06e10-b935-47e4-be99-4479c0175c9e
polly mackey & the pleasure principle,d842aa0e-8540-49e0-8619-c7f5c7433012
pound boys,bbdf64ec-c927-45bc-b0c8-8bb5f782acb4
pow pow family band,75370692-847c-4838-8efa-ec984845220e
power fury orchestra,706e17f1-ac7f-4b2e-a3ce-83a9462da940
praise the twilight sparrow,80abc38a-458b-4118-9dcb-743c80bc074c
prefuse 73,fe587f53-23b4-41e7-a86b-f04193c91b0e
pretty and nice,4c44f355-24a9-44b1-968b-74f953c1ee30
pretty city,3607a3f1-f826-4b04-a3cb-3ea87339e403
prinz grizzley and his beargaroos,5b0e84c1-0768-4afc-a8e6-7a1ab84574c6
"project jenny, project jan",3af6a6c7-6894-4c18-a942-5a4ca7fc4d20
project system 12,1f6aeeb0-5d83-404c-a935-403451ad746f
prophets of the ghetto,e7394822-b82d-457e-ab62-04689a8d2cac
pxp allstars band,6adcd50a-228a-4009-ac99-22cee27ad69d
qarabagh ensemble,1b9e6d09-d9eb-43cb-a5c0-93a2bd80b06e
quaker city night hawks,e11cc883-09fb-4494-8fae-998a312c17da
quantic and his combo barbaro,9e1837d9-8c8d-436a-932c-5cea5666892e
queen of jeans,584b5e24-5b8c-454d-9d4d-e4023bfa6ae2
"quien es, boom!",5a8a9e31-0ad6-4655-b173-8db07a53e138
quiet kids,0568c33b-3590-43a3-ad6e-f04f91f3ed81
quino mcwhinney quartet,4503c548-2aea-4336-9078-cd4a5208e366
quintetto,255cde20-14c0-4e2b-a8c2-76392586bcaf
radar bros,9a14d1da-08f5-49d5-93a9-0c904d2b1739
rafter and friends,0886632e-86d1-420f-8444-42c7689edb96
random aka mega ran,fce4d76a-2f47-4779-be1e-af13d99d2f06
reggae clinic 65,84843385-ee1a-4c59-8a78-26376748b941
rene riche and her cosmic band,33b5a831-cbb1-4147-8696-7969aa4918c0
resistance 77,954aafcf-d3ca-4028-b8f7-e45ff599c8e4
reverend glasseye and his wooden legs,e79e001a-77fe-485d-b019-650b18d0e881
reverend peyton's big damn ban,616fd38b-9da0-4083-8196-360c9ae35c74
rhapsody 2,be803981-a367-403a-8731-c052362ec811
riders against the storm,5fc5a0de-f2cc-490c-a1be-c7e11fc20e95
riders against the storm (ras),ee26292e-0de8-4fac-bf44-5a8b0f41b321
rio negro e solim es,f6623156-1598-4a33-aca1-02dc26ff0398
river city rapists,8dc02fea-42f7-49ac-83e3-e2cade27f333
river city tanlines,fec177b0-c7bb-4298-8598-66aacb48380a
road of kildaire,1cf88ab5-ff85-4055-a765-2791117daf4f
rob van de wouw,f14eb0e1-a0d8-4d78-873a-de3095719aba
roberto di gioia's marsmobil,34f0e637-b0ff-4529-86a5-a078287734f7
robocobra quartet,fe8435c3-b99b-4b80-9386-780039723512
robot orchestra,6d2116d9-c836-42a0-bde4-9eeca46456a8
rock' n' roll soldiers,fd465502-a957-4566-81ad-11ce6fedabbd
roddie romero trio,ed7d65b0-10e1-48ce-9c37-899a578217b2
roots from the clay,ee69ce23-a610-430a-9b0e-89a73abde7d0
rose of victory,dfa0d223-6576-4db3-a81b-11e6d4c48b2b
route 14 band,dc14cfbb-7dcd-4572-8ad7-e43237c88983
royal family and the poor,468adbd9-34a7-49d7-b9be-45b616f79067
royal house,27877c92-52a7-4758-89fb-94b2b5520d2a
royal philarmonic orchestra,a436dbbd-53a9-4409-a801-369a6bc79bb9
rt. 1,7c564a11-fab1-4aeb-a7f3-5f60d1cfcc87
run golden boys,c0c7cbfa-de67-4d40-8f6f-11bb1b6ecc38
rusangano family,d0edebed-f516-4441-934e-7df3d26a048c
russ garcia & his orchestra,bce6f2b0-c4a3-45c9-8b5f-3390718307d4
s 50,8c276580-5a68-443c-b8e2-0c6b656b37c0
s u r v i v e,442ab5d5-d97e-4d23-bebb-c17c1344a5c3
s.o.s. band,30751af9-cafc-484a-a9f0-87caae782be5
sacha - six series,1bfe09b4-9f55-4180-ab0b-2ab85ee9da80
sain tanveer brothers,3bfbbfbb-2a2c-4975-8feb-1d2975d9a341
salt city orchestra,d3dbaae5-37f9-4639-a17c-6c3dbb31b269
saltman knowles quintet,09524fe0-4bf0-485a-b2ac-955eb82a659b
samantha is the highway girl,8ccbd824-f1ca-4f70-91c2-f7257a84531e
sassy 009,bec4c142-e4a8-49ea-8fa0-57a8bba7d17e
scenic route to alaska,ce93b3ed-cb4c-4c8e-8c6a-d300cab54ae5
schweizer trio,3cefbb4f-aa15-4927-b60a-0ef50b4908d7
scissors sisters,b5dc52f8-71a2-4bfb-a037-0b4f3448ffb3
scorch trio,7ed5899c-fce9-401e-be67-7b303a1f3599
season of strangers,48839e86-cdce-4b49-ae34-6ae81911341a
secos and molhados,b6e6f531-d33a-4630-a0fa-7483c412fe52
sehales de humo (indians),306878b5-f681-48ef-883c-0289f673d9e6
semi sheheen and his utica ensemble,c93fdd18-6f41-4f74-bd9d-7208d6aca49b
senketsu no night club,dd02f01c-c2f1-40c7-84bb-8560c9d4d415
sepp folger und seine munchner musikanten,f8645b72-8234-4b6a-8dbd-19fe5272d121
sgt dunbar and the hobo banned,d28ef6f3-4149-4e25-88a5-c797001c7ce5
shame club,58f09b97-598b-4892-ab06-39187f3cbfd4
shi 360,176ae54a-2a88-4d95-a2df-1e226c667f44
shot x shot,9d7a11c3-b097-413d-b20c-df65e1312093
signor benedick the moor,29d03627-9100-4e5c-b286-313132c47ad7
silent land time machine,85a65ee4-dbe1-44e4-a446-5d449921f1bf
siouxsie & the banshees,3a9aa92a-4be9-49ba-828e-31e8063c7d2c
sir billy 18 carat love affair,2f62159b-a337-4f4e-a4f6-147d24e33fb5
sistas in the pit,28d58707-d6d0-497d-92d8-3583ad5bac8d
small island big song,5259339c-6c44-460c-ab6c-809ee00aa698
so i watch you from afar,7769f8b3-8854-441e-b671-615fba914ee8
soiled mattress & the springs,0f99b845-b55e-4d33-a0dd-7a9b7e8d708c
soldiers on a mission,c9fc1164-2a23-44eb-82d4-ad983ca56b19
someone who isn't me,dd37fd2f-0ad3-4b29-bf63-f8ca15a48df2
somewhere off jazz street,54d613d4-6cb7-4755-9df5-543a0fdd5869
somn to gro into,a62c6efd-4a30-4472-aadc-9a429b70b25a
son of raw,ee6c204c-43cb-4779-a276-a530eb00fbe2
songs for moms,c4e25365-9e86-4f78-b1a1-a3d745c0c407
sons of an illustrious father,0e2d8327-b22f-43cd-bff3-7fb25118b8d0
sorry girls,67605583-05df-4150-9abb-8434a66a7c2a
soul bros,8bd66b22-32e9-448c-8de2-4979b48bb6da
space club,6ae4adbb-6238-4712-8c5d-a7ac692810c9
spacebomb house band,872c156e-cef0-4f53-a66d-c32c45c5929c
spitfire boys,b93bca36-73f3-42f7-9dcc-79935cb89640
square peg round hole,1fbb25f7-30ae-43e6-9c2d-a58ab9c7bd0c
squash gang,b161d507-5a6d-4796-b195-f25178e8348f
stalman knowles quintet,16c23212-6d95-4f41-8e0d-60722d5a41be
starband number one de dakar,cd43de2a-8bd9-405c-a415-74a96f9d7402
stars of st. petersburg,27e1997a-ab29-45cd-b036-0b0e59cdb3ab
steve adamyk band,c56a1c04-56cc-4a3d-8e7f-540e059baa91
stew cutler & friends,f044d194-1b67-4dce-bdd0-005e1936b2d2
stoneman family,9be8a806-e043-4b50-a44e-55a73d1edd6f
stones & bones,38ae4e10-e170-411f-a3c3-d9d0e530ef7f
stoni taylor & miles of stones,449555a7-97bd-4701-ab81-a6b7f891420a
stricken city,ee945ad6-d052-45fd-8399-a2c8858d9b11
stroer duo,f94a6cf4-a955-4a2f-a251-d146aede6309
strung like a horse,61299760-3f3e-4ea0-a401-6ca4572a4090
sugar dirt and sand,48806775-0404-4883-a326-3d76e960b154
suicide boys,9281555c-b15f-4153-8d13-80e236231667
"super onze, the takamba champions of the niger bend.",ae07729a-afde-4886-926d-ca9bb22c8deb
surrealistic men,63b4c061-4bc3-4759-9ff2-c78631fd7fa0
susan gibson and the moving parts,bd9e9cd1-5aae-438a-b0f8-1ce647376846
swimming with bears,bdc48b84-5423-4bdf-9eaf-b9df0487aeed
sylk 130,9a09406b-8cfb-40e8-b34b-2b49a2d4092c
t r y ^ d,3da290f3-9a0d-44c9-ae7b-fa997efd681f
"tacks, the boy disaster",134a6176-f1d9-468b-a0b4-5457171f5b58
take over and destroy,37c33afb-c2f9-484e-926d-afe9547392aa
talal qureshi (saturday night killing machine),88f9ea1d-4a46-41c3-8147-239b6d5d3f43
tales of justine,678a2f2a-ab03-4f08-a0fe-5837c6aed27c
talk to angels,d40b6fa0-a4d9-4706-9a82-95a8d04e3fe8
tan frio el verano,f657082d-56fb-4852-82b3-ad45440be608
tang trio,ffcf17a5-bb36-44c7-8e13-be59e4fee9d4
tapo y raya,cbe1ca08-e0f6-43b7-aaed-b1fb77d5d3b8
tc 1992,2c2b7358-7b9b-4f07-a00e-97b52e569e4e
team 140,aa29232b-99e0-4648-82f4-fba968212c48
ted coleman band,1ac07167-55f3-4d15-868f-b40d03595d64
teeth of the sea,b2845698-1aa6-43e8-93cc-9b49b31694b3
televangel of blue sky black death,23b40684-3a3d-452a-b867-dc77dc5b183c
telex 23,388ca47b-0e7e-4573-b16d-50bd6ac0dd4a
terrell p. kirk jr.,9ca74dda-e7e5-4652-918b-680116209dcf
tete de la course,0b979c08-4665-46c5-a1fa-bda0d5d8c70f
the .357 lover,d62940ba-21ef-491f-a34e-fd0652dcc614
the 400 unit,f7e68713-925c-4f63-b407-f19ca344e98e
the 80's !!!,515653d2-0bc2-4f07-aa47-e62e66ce5fe1
the accident that led me to the world,414396a5-6ea7-4d5a-abac-e44bd3af5840
the addictives,b33ed7a3-9fa3-4d4a-ad55-b2cf08014d21
the afex,45a79f54-6ed0-4b41-a503-07ab3c2c40ea
the afrokats,b16bf513-89f5-4cc4-979f-43d892c46678
the afroknotts,7ddd1c6c-0cd2-4fc5-a6ea-6abc6faca9a9
the aimless never miss,62a77785-8090-4a66-9dc2-98ee166a3015
the alchemist,1f9c5dce-7403-4347-8bb5-cd9f83c213c1
the all stars,4d42cfe9-b3be-469e-916c-ca7ae78242af
the amazing pilots,d45d057e-0744-4fdd-b45e-00f90fb667e6
the amazing trainreck,8192470e-5edd-4993-bee7-5ac24a3fbe06
the american dust choir,a2d928b3-988c-44e7-a88a-8e89a4a7b5f3
the anix,b7d297d7-50a7-464b-a73f-1e4fc388bda7
the aquadolls,21ee5953-087f-47a2-a0c3-3d8fb62fd42c
the arch enemies,eaad1a47-7b38-46cd-834c-274d6635bf45
the arrogant sea,bd896074-39d2-4a4e-aff2-3f4087a250f5
the astral stereo project,d31d904f-6b54-46b4-bd25-4b7593857b17
the avains,db64a7d4-730f-47a7-97fa-a7013b808345
the bad lovers,914183a0-b407-4795-bdd6-43e1bb464ef7
the bad rackets,ac7c4acf-b53b-49d6-8d6d-0da23b42d1bf
the badcats,97b57cb3-67c5-433b-ae60-a898506ef4e0
the balcony (mk 1),b5a0411d-bb0e-4cde-8393-415eb668b3fb
the balcony (mk ii),c609b493-657e-4569-a843-09cc60a8c108
the ballroom thieves,bb5e79f5-d4db-416e-9029-997228d8ca0d
the bamboo fringe,71dbbd09-d456-4106-8636-21d37e5b01e6
the band called fuse,f61abfd1-4816-4980-a4e4-abe495c94171
the barker band,d6c3e29a-7a47-4055-89dd-3a07f261317e
the bassociation,c02e9f12-dec2-4d85-9f65-66964608e155
the bastards of fate,24236c54-5889-4823-a558-ad90c651c6ad
the beat poets,aca86f01-5661-4a6c-ba67-03e1c8e60877
the beatards,8efee9f8-9138-4c3a-b634-bbc1f776f966
the beatknitter,808a5f8a-fd69-4d1f-8851-940e2617cd7f
the beer garden band badale,7bc23df5-45b7-487e-b75c-9a5e4c59a1f9
the bently boys,27250461-2883-4f36-98e5-0b79d4ee1d7c
the berg sans nipple,45cc5557-9b40-4ab3-b831-3fcde2b1d11e
the beta machine,dee264af-d980-4baa-b7e6-3171cab87304
the beta sweat,a6ea326b-9972-48c3-998c-afc06bc908bd
the bewitched hands on the top of our heads,a59041ce-6fd7-4a65-b005-a63d716f43a6
the blank tapes,4dca42aa-ec88-46d1-abb2-cda05c7fc557
the bleu edmondson band,a979b12e-a654-4bf1-9d37-5c4c51ebf60a
the blind pets,653234d5-183d-4e6a-8870-2c926e1e23ac
the blinders,f7257ce6-9d97-4966-9914-fcd0862e3e8c
the blue aces,400b48d6-f66d-40c0-aefd-17d085b3c9ca
the blue caps,fb248299-3390-43f9-9023-3ff7869b003e
the boat people,96bc8fec-ada6-4929-b2cd-dc4f086a2585
the bongolian,03b8758f-12cb-460e-98f6-baa8e164c241
the boom boom,e0a8091e-55aa-4c04-8c48-83c16aade69e
the boy hairdressers,f81aa7f5-074b-4545-8bcc-2f5912a5ff9b
the boys,3cc91818-2201-4733-884f-9db421fba57f
the breakers dk,59c1de5f-7cf9-44a0-831a-70c1ccb83887
the brokedown,3b0291de-41f5-4748-9faf-24a018fa1fd3
the brokeoffs,a1e5947e-1551-4989-acd6-8fcf181d112a
the brothers movement,5417c395-e48d-44b0-b4fe-98dc8e68c91a
the brothers nazaroff,b686a725-41c9-46e4-ac15-5504c546dbb2
the brought low,3a206a5a-b728-4529-b6f6-8de3ccb9b4b1
the brummies,5229070e-275f-4772-b164-57e44a781a1f
the burning hotels,d86c8a3c-e657-4eba-a36e-f32f1f321a28
the butterfield blues band,5738b0e8-c91c-41f5-acdc-5f871892e4c3
the cabin project,24c0c9a2-d966-40e6-a26b-d13358e87521
the cactus blossoms,d846c442-7840-498e-b1ac-351d57d59c6c
the candle thieves,27edebb5-58fc-40df-a654-694011aa47bc
the canvas people,bb76d492-b06a-48eb-a618-982cbb67ad07
the cast of sgt pepper's,bfb5b86e-c13f-411c-b986-d14f027098f8
the cavernarios,9c050424-6002-4d59-988c-63e57a91bfef
the celtic celli band,fa63cd07-4f9e-4171-876d-9c129bc11a44
the cerny brothers,ab0303aa-55c8-48cb-853f-0d46ae93801d
the chanaclairs,82bb961c-8bbb-40ac-9e16-961015f8c28e
the choppy bumpy peaches,367ad74e-3418-465d-ad52-ffa29095040f
the chosen two,3345bfea-b5d1-4f9d-8c1f-71176c9c47b6
the chris vestre group,bd63817f-aea5-4afd-8e1f-a2816b1c5ee5
the chuddy nuddies,2fd5325a-dde5-41dd-a264-3c2a8fb15503
the city champs,e69f72a5-0a8a-4151-93c2-5aab4c3aae6d
the click clack boom,3929251d-aad0-4442-9d3f-499e2d79f7b6
the cloudy day,af1e71f7-eace-4ad6-921c-426ba64aa92b
the coal men,3ab5e981-7c60-4c40-b8c3-a81a5ca86aff
the coattail,a5b12b2c-efbe-42d7-bfaa-07ba71b65f94
the coconut kids,9bde8ee1-1b2e-4b5e-bfe3-348f27785347
the cold stares,536ec5ad-fe18-48db-8803-d2c9c3f27cde
the commonheart,96d1855e-c10d-4e68-bc4b-600bbc854486
the cosmic crew,7cda0d63-e8cf-4bc2-8bd6-05305586f8b1
the crack pipes,a12dd02d-5db7-40bf-a55d-c339f165fca3
the crash that took me,2c3de1c8-b616-4a92-b626-35df79257461
the dangerous few,e2b66345-d079-4b72-9abe-ef9261aca5be
the dap-kings,68272b0f-30ba-4e22-9594-95f8e4f7dd8a
the dead deads,ae896eed-ad8b-49e1-a6e2-6cf764e955db
the dead for a while,4f1b0cb6-a22a-4861-8625-73c22879b271
the dead rocks,87c12b8b-d4ce-4e44-ae8e-000f6046b96c
the deadbeat poets,6bc195ef-0ebd-4c28-96f0-773b3e47cbc0
the deaf,c93c9ed5-264a-4463-83f8-a517d63745be
the deep vibration,98d9b33a-341f-424b-bd4b-070e2b656375
the deer children,e0107905-857b-4a6a-b48e-e0c788d2fde0
the delta bombers,1a9235b8-d78d-41ca-9a66-933a9be56e35
the delta riggs,5edb3147-b56d-46ca-a3e5-c1953577aad4
the digital wild,7295b32f-0bd1-4ca9-a63c-b22d48171aa1
the dirty skirts,39e825a7-006a-4c9e-996d-3fbbbcfbd0ee
the dixie belles,8cb88ae8-effe-4e5c-a4c6-c0496cb4f54e
the dogtown blues band,717b152a-8c09-47cf-b96c-5b02ad3d8ea8
the dominos,ff9a84bb-8384-4bc3-ba04-79a764f0c34a
the down comfo,4315654e-3b00-4a29-a4a8-1fc210d504c0
the drake family trio,705d87ed-5df1-4d5d-8109-47e2ce0f75f9
the d'urbervilles,cc6dd452-3af8-4326-87a0-f55f18f42cdb
the dwarfs of east agouza,52c50d16-40f8-4a51-846e-e4eff666996a
the dwarves,6403090b-f606-4b8b-8d60-77c7e01d75b8
the early reset,fb5d101f-f2f6-4e9c-b93d-a2c8494b569d
the east side boyz,07033d5b-6728-4256-86ce-12356f5337ae
the eastsidaz,88bf4599-40f2-4a7c-ad44-3f88546a3f81
the echocentrics,7fb48fa8-2795-4917-88b6-946756743659
the eighteenth day of may,ff672151-992f-4c2e-b707-66fdbc7b508c
the electric diorama,67ba4802-a8c0-45ad-acf7-e886eaa7e5e5
the electric joint,2967bd81-c199-43f9-af01-d0023a955fc2
the elliotts,2a41c927-cf72-4710-8699-0cd58de4d069
the elysian quartet,761cce13-7fdb-47d4-a0c9-3705a24dce6d
the epileptics,4a41e10d-69a3-41b7-9590-b993ee57e942
the escape frame,9889219c-a1fb-427a-a427-5b6487ac59a2
the evangelicals,4d7f60d2-9980-4770-a520-e3b8a8419905
the evening attraction,a12ea97a-8e89-4705-9725-1b3dd4fb663a
the everyday visuals,42b73afc-c7cb-482e-abef-78f1f3848dbb
the everymen,eb9648b1-fdbf-455e-ab6f-cbc212cb0714
the faceless werewolves,21bbaa96-c70d-4915-91d5-b24d98c5b169
the faintest ideas,5eba2cc8-871b-4885-9c71-51f46f652061
the fairline parkway,2fbda9de-e83d-4f68-a7c5-9aa9591d4a14
the fame riot,da3dfeb3-537a-46b8-a209-e3443bc8d21b
the family band,2adf6e5e-e6cc-4e7f-8709-75db776ff8b6
the family's jam,322efa3c-3d30-4db5-90e9-ad8fb20b524b
the fernweh,9eab48d7-440d-4af7-b71c-756ed457d0a7
the ferocious few,7f6a1eb5-35ce-42b9-b0f8-6ba164aa0e30
the fine constant,9c00d888-7f89-471a-8b65-cc6d8c81aca8
the fire marshals of bethlehem,68cb7f42-1d4e-460f-a77f-d132dbb63aa4
the firedogs,63615b2e-35cf-4f6d-86bf-e5077d9149bd
the firm,482784ad-fa86-4f74-ad0b-d6bf9f354c66
the first edition,ca54c769-97eb-4ff8-bc40-bd093e789e26
the five sounds,15b81f4a-e46e-4fad-a51c-5aa4ca7415d5
the flavr blue,6bf3bc42-e9bc-4f07-8a9c-a85a00e6da51
the flying burrito bros,c67ea947-f0f0-46eb-a54b-0d0dc2dd03cb
the foreign resort,c1f8318f-6147-40ec-b31b-4a11a2e80612
the foxery,366ae7dc-7c61-4fd7-b35b-50c62f8748f3
the free nationals,4d5bb98e-ad0b-4308-8780-02d91da241ef
the free nationals united fellowship choir,4294c85d-a756-4d62-9818-e3a27e37ea49
the freestyle experiment,4b7e042d-4669-417e-9a8c-e7b435fa6a61
the funky knuckles,46826443-889a-4c74-96ca-13bde806db3e
the futuretones,ed94c7a3-c518-4d18-bf1e-1d84ff453ac0
the galactic heroes,3b909d30-7794-4de9-8c50-8fd14f42a21c
the gaytones,03629a1d-19a0-4d9f-91aa-af5b0732b8df
the ghost wolves,7053cf42-fe1a-41cd-a8e9-c19efb249a35
the gloomies,a2e52c52-4bc1-4398-87b1-3fb9b47ac37a
the golden boots,9409708f-ac6d-4f0f-8ecd-5cd0ae347c54
the golden-tones,9e3e4ce7-2731-40f6-8b2f-8be1b6a21b5e
the gooch palms,1a066087-1be8-4547-9276-a795d7c59fad
"the good, the bad and the queen",2059848d-b00a-4f38-bb8c-426d76c343cd
the goodnight loving,d163fe73-351c-48f8-9653-cb507c6a02b3
the grassy knoll boys,1d70e038-476b-42a1-a13d-4164a52053ac
the graves brothers deluxe,5c7e29e3-be3c-41c1-b6ea-66f0c72d74f0
the great discord,e53e2680-e6e6-445d-a2c7-ef668b899c13
the great picture show,02a6f9e9-f999-4afc-92fd-26a20d1c5093
the great redneck hope,1b69921a-c6c5-43bd-a122-8a875ee3d3e3
the great spy experiment,b87cac42-3b1d-4194-84b7-7a173b75ee5d
the green kingdom,4986dcac-80ea-42a9-a757-e132981af8df
the groove farm,9881103a-e610-4de4-b4a5-d0c35fea9d2e
the groovies,92acad68-4fdd-4798-991f-2e895f12fab7
the guadaloops,4b2cbd38-e564-4088-b214-a3153b94f3be
the gypsies,694a12bc-62e9-42ba-a087-a75e7436d9cb
the hammond brothers,953abff2-7bdb-4c2f-bf06-bcf4c119b1a6
the heart attack horns,05ce2673-022c-467f-8cf6-5e1356b94cac
the heart collectors,f39411b8-31aa-416f-9532-8dba804736dc
the heartmaker,dc99099c-b498-4708-a102-f9e90d9ca24a
the heavenly states,5ddb78ea-837a-4dc5-8ebc-f8e78398feb3
the high rollaz,211d4b57-0913-4ef2-9216-6921fc405088
the hightones,f8d202ea-12c6-4733-8ed8-f3dc5fa1bf65
the histriones,7431ae9d-ab62-4c43-a711-639ca622efbb
the homopolice,e6633c63-abc5-4c9a-920c-bce1b692599a
the honey brothers,05ad134a-beee-4236-a938-9160d4d3b8c1
the hong kong blood opera,92c96369-2c40-4924-9503-64a387d93d89
the horrorist,f36679c4-c8e7-4079-a192-13344b5b7abf
the hot kicks,c1a0711e-5377-4760-a4f0-6b0746c0a728
the hourly,fe131a23-a020-4d0c-9173-a88a2294345b
the house keepers,e7e71131-8ed0-47f1-8236-af11582db9a7
the hub city all-stars,43108739-de9d-4776-929e-99453c0043d6
the indonesian all-stars,90a12daa-ccb0-4faa-bb88-0fd42aa12c48
the infesticons,052dd2b4-8b67-450a-862d-2b3d50838657
the insane,7af2e017-bde1-41bf-84ec-c14dd93e6290
the ironweed project,e97dcab5-e0c4-4f99-8067-d986786fed47
the ivory jean band,5c0a6d01-4f10-44e2-8c9a-6f66d6bbc4b2
the jai-alai savant,6bace8a4-7df9-45a5-9f3d-1a960e32fda8
the japanese motors,8714e31e-85b5-4a14-898f-e9e9a94c3052
the jason seed elixir ensemble,cae5df0d-4ad4-491c-8d7c-37eef554ce63
the jellydots,17b6b451-65f1-4972-9d51-8517a1588e97
the jigsaw seen,697d5073-006e-41d7-943c-0cb626f87302
the jing jang jong,939d9787-c67e-4028-a01c-ebb778a2f6b1
the jonbenet,c8589e07-9790-4593-b54b-37d91fcb2f1c
the kasuals,73499592-10e4-404e-9695-7e2aa33d4010
the kate lush band,41511a27-6c99-40db-936b-256c488c8056
the kawan band,3c8da2c5-940f-4681-a025-dba6df80f5ba
the kid carsons,8016b75d-7ed2-4353-8bb2-f9f9e2ca3677
the king casuals,27ad411e-41ee-4587-ae44-908435e06648
the klitz,1c1549b8-8881-472c-9e18-7ee32a13a6b6
the kraken quartet,7b7c6a4e-67d0-4364-add7-4013e7299e56
the krayolas,73c0c689-5b3e-4e70-b553-87daecd2bf6b
the krickets,27db7627-1c25-43af-b94b-de3d592d9539
the kruise,4dfee27f-98dd-49d5-bfe8-d5bf55aaf602
the krum bums,2454ced8-be9e-4419-b4d9-d5d1e5141a34
the l men,dd3bf145-1ef4-459c-b096-abd447fdb9d6
the la chillharmonic,567dd549-4dbd-4995-8fb0-db4bde9b7edd
the last bandoleros,2ec1ef1a-7090-492c-9a28-b6602bb2a182
the latin playerz,34d83055-3e57-4c6c-8886-7cedfcd8292c
the laughing,1039a12c-a2ec-428e-9ba9-ddcb5c668667
the lavender flu,e9a1e306-6ff3-4ba4-a970-d8d991e70e85
the lazy boys,97fe21e8-65f7-46a3-95bd-20e27e95a7a3
the lees of memory,80281fe1-17d9-438b-ac0f-e20d9455f195
the len price 3,a7da5ec0-c06c-4dcf-adb6-9349a2f5d13f
the lennerockers,42d6a5d0-fe38-4534-ae39-279d1eafa683
the lennings,1319d5b4-0c09-41cd-aafb-29e47757e9c8
the lewis express,16e7bc5b-c1f5-46f7-9a77-bcc0e336c325
the lights,2b6a3b2e-b19a-4d1d-ba38-d15e4dc0dbb0
the liminanas,77a329a4-bd5a-49da-926a-8c77200cb6a4
the lisa marie experience,59e4d75b-cd24-4f9d-a9b6-aa68e5b2e8ae
the littlemen,38756317-91a1-4ab9-80a9-92457637bd40
the lonesome fire,94e6add7-c3ab-47cd-9352-0bd6690e74b2
the lonesome heroes,ebe22572-a38e-4a4b-9655-701e22fa365d
the lossy coils,13853800-bd6a-45e3-9640-20b4254b4abf
the love me nots,9fe0a98a-bce3-453a-b396-48aedff06275
the lvrds,c0996c5c-3e31-40d5-9be7-ad10508dc7af
the lytics,08bc3c61-7c79-4ca7-90b4-06fe59f40d5b
the m.g.'s,91a387a4-5c68-4ed6-8f97-d6754e26aa01
the magnettes,d98cb237-734f-4a05-8a57-a971f4258331
the main street gospel,884212c2-d883-4f78-b7ed-24db300da5e9
the mamaz,0201bff5-d4b8-47a4-800a-c11a08872f28
the mariachi ghost,ab965027-698a-4e32-8415-04d0c40f2cb4
the masonics,6f696cd5-2b18-4d1e-ab56-6322c19d476f
the matinee,02ce61b8-0454-4b89-a2c8-37891cb19b6c
the mau mau chaplains,377606bd-581e-45dc-8f09-be6b4d97465d
the maxwell implosion,a77b8ad3-8ac4-413f-9cf3-95d59992a061
the maytals,9475ba37-f8df-4d06-a409-c021273f2c96
the md x-spress,a62d0df7-50e8-4b4d-bb89-0e32b85bec38
the melloharps,558cb6e8-01d6-4fb1-8b1d-bc92c8c940b5
the mel-o-tones,0c16b80f-74aa-4c3b-b040-d3b7f3ca0b5c
the melting paraiso ufo,99d919ac-cbb3-462f-8473-62e3e5db0d81
the memories,e1f8cfa5-1c90-47c8-8f13-066f10a82cb0
the merseys,dd4ed53e-cfd8-486b-9d91-dfb284930395
the metronome all stars,aeb72a8b-4f70-4f21-9b52-7c19f36e03ae
the mexicats,026ee8f3-a813-4309-be67-449d134ae976
the midnight shivers,f5d8888e-477c-444a-904b-fde056ca506c
the midnight`s moskow,a7bfeef4-54bd-4187-9723-fe4ede274f3b
the mighty bop,4598e03b-f604-4f89-b459-de453b68ad1d
the mighty dub kats,1458b72f-518c-4f02-b7b2-7229e908136d
the mighty wah!,24e144af-8a78-475d-b32c-6c09a82dfdc4
the ministry of love,8a9eef2e-70a5-4be8-87ae-95d1c43523f8
the minni-thins,25908162-d611-4396-8f56-e8dfc7d635ed
the miseries,79fb656a-891d-4ec0-bd93-e5df34b07e49
the moi non plus,045bf8d1-84d0-4373-8375-1622aed22f98
the mojo diaries,8cde4d53-dab2-4b3d-b411-6efe6d6f290c
the mojo filters,ab989bff-d747-4a80-bae9-292ef459b284
the monster orchestra,f986f135-8990-4ec9-b544-cf8843046fee
the morning benders,3a3fbfd7-d2f3-4a31-a802-e47a234592a6
the mother truckers,c8978aac-09f9-4b13-9722-bf36d1930577
the mps rhythm combination & brass,35282bc0-d366-4057-a62b-52151172e303
the mud howlers,9c036f22-9866-4c09-85dd-36b716780b2d
the mudville project,29b60d52-c7c9-4c4b-83b0-0b13b84d81f0
the munsens,712ef5f5-f628-4b24-bb5c-641a3557c718
the mutaytor,e6fd4ee9-e8e8-4b4d-9658-bc81b9d92fd9
the mystery lights,8c63a417-2cef-4b14-b13f-f6c930102b78
the mystery of the bulgarian voices,93203bfa-2bcb-4c66-8f95-97c0cc1b126b
the naked tungs,485bce60-f844-42ac-9fb3-03b6aa2d47ed
the narrator,0bf5db42-0729-4f0c-80d8-be596058a067
the nataal patchwork,4922390d-4a6e-45c8-b2d3-e72b362ffed0
the necessity,5849291e-13c0-4f21-8c4a-e1b6798f9ceb
the nervous exits,e8a05091-5bc1-4653-807d-adeb41aabc19
the nervous wreckords,b9bd0739-2a3f-48a5-9102-23f1f556ca3e
the new bardots,bbcc14cb-d5ce-44bc-8e3b-0327f65a1166
the new respects,66edd0ce-0b05-4765-8f1a-bdb54569c755
the night thief,b4b7cffe-5845-4415-ade5-df0dfb97223f
the nightflyer,ad2b7ef2-2fd8-4567-a8ca-a8b0709fd8b2
the nirvana sitar & string group,65a9ad73-d5b3-413c-ab2f-02d40d110da4
the nitehawks,74468d7b-50e3-4882-a3c4-d178b5b920e1
the nobletones,152f47ad-456e-45bd-a6e6-689182296e7e
the nocturnal collective,ce6296a9-59e2-4bf1-bb44-4b6c0db7bb18
the north atlantic,e29a55b8-e2b0-40cb-95ab-4fa05b71444a
the nubatones,1493d55b-4c87-4276-b077-46fb14ee369a
the nude party,f41e1cd8-85a0-4740-9d22-e22fa8d11d59
the nymphets,48979297-96ac-4061-a0fe-48af03cec940
the ojays,59afbd25-ef95-403f-9628-9c489502433a
the old-timerz,eb6415d2-edc3-4713-8bda-9b35dc147408
the ooohh baby gimme mores,ce460535-ffd7-46b0-814a-fe4f20d7d66b
the optimysticals,20a288dc-627a-40df-a0fb-fc02a65187b2
the orange machine,81a3ff91-ec54-43eb-8b85-14a184e0176d
the o's,10ea0754-0322-423e-b7b7-6404c0cca5e9
the other end,e1770b69-b5c8-4c6b-a2ef-667140d008e7
the oufah band,cf387845-5a9d-47eb-8c4a-fc27f2449760
the outer vibe,a5a7b2e9-6ca1-46d7-b784-4898771003c2
the pablo collective,e012b06c-d1ce-4001-a8ea-dc735b5a3fbc
the painted redstarts,41282bc3-fe75-4cdd-8a83-d6742c692eaa
the panic party,4e6bb47a-7946-4924-bf84-a17872705cbf
the paper raincoat,953cd7c6-cd2c-4933-9118-b16e2968b27f
the paper south,29b7ac48-a28c-4eee-8920-0e2b8e5ad5ec
the paranoid critical revolution,86900370-05aa-471d-9950-d4190e3ffb76
the paranoyds,867080a6-2671-4184-8402-2486298c5b7e
the paul white quintet,a54a4b97-84d2-4f75-982e-2d2a2329e69b
the penny peeps,3de19cc8-67b2-43ca-a7cf-3b21c88edfd0
the people's revolutionary choir,76d43e8d-5ac7-41a7-9c0a-eeb5c8779e6b
the pepper pots,b05c74d7-55b6-405e-adff-40de4511ef1a
the perfect me,1faca7a6-8898-4b6f-ab9f-4dff30e6aafb
the perfect shadows,8de5ea99-c096-4e24-95cc-d86244503f0d
the peter malik group,9f3fa10d-3d64-413f-9e13-199ccb8db679
the philharmonik,b4cc0fc6-aff7-4e99-a6ff-77b43d091ae2
the picturebooks,cb9da642-a1a9-4dd2-813e-addbf89cc15f
the pink swords,ab58f17c-7a49-4d21-b41d-5cdcc48470a9
the pirates,65e2ae45-4c02-4e45-a58e-cd6f9a69d7aa
the pocket rockets,f35c565b-cc12-471c-992f-e3f2e070ba9a
the poets of rhythm,ed92ea6c-862c-47b3-b08f-aab8ac304219
the poodlez,543282cd-2853-4ef1-83e3-6a3d56199869
the poor boys,0f7133f3-31ef-4b37-b312-097a98ec45d7
the popsonics,08c65de2-c45d-4220-8e1a-f1f17efc2c0e
the post office gals,2a03f53b-b5dc-4a08-898b-5bcb92a1f8f8
the posterz,dcbd01cb-4e35-4236-8dbf-1ceed2edb5da
the pragmatic,5cb2e371-4d2f-4828-a4ab-51d69187b10a
the presidents of the united states of america,5b656a85-061e-44bd-966c-3670de6a6a31
the private club,efd9b891-5163-40bc-8e41-b57af0032973
the psychedelic aliens,d2ae027f-196b-4aff-83fd-3ef2d79b074a
the psychedelic waltons,62774749-e53c-411b-8489-3e9ac718b7fc
the qpr supporters,5a13fb85-1bfd-49c8-aea8-093226cb7cea
the qualitons,3dba47d0-141c-477a-998a-6a974da178fb
the quarter after,076278eb-ab20-4d8b-be95-61e64bc1b9b2
the queendom,ba4a109c-2ba8-4c35-bd8d-230db6f9302c
the quiet boys,e9286617-4f9b-45ab-aba9-0d2d6cc214f9
the rad trads,0eaeca7d-a62a-4a01-8481-03e45e160a25
the rainbow seekers,ff2d13a0-b6b7-4b4a-9e8c-153b3d4f3d66
the realm house,da10f74f-4daf-47a6-aa1a-4972b53487fb
the red ashes,5aaff827-b7b5-4ef9-9692-7627ced38d30
the reg project,8d5350db-6dc4-4065-a660-c87845f13472
the resignators,19a63a8f-575a-4148-b72c-40bb927b59d6
the reverend charlton pettus,a3505ffc-c8a1-448e-99c3-401a81f2680f
the rifle volunteer,0891c872-9ce5-42dc-9f5e-05bd8c5b35a5
the right ons,03e998a5-494c-44db-8995-909eec294aad
the riotous hues,ad6ece2b-8d18-4512-8f34-c44d2ec37c3e
the risin' sun,39c4d823-6d72-4b7e-baf7-ce500c48f439
the rite flyers,5195097d-cd98-4af2-80d5-7ceeb9b7af69
the rocking brothers,bdc06173-960c-4836-a90e-5610eaf54dc7
the rodeo kings,6819ffe9-430b-416b-a9ab-4b6f39461d8c
the roomsounds,355f7122-570b-4ada-b4d9-fc9b2f6a0acc
the rpms,4343f44b-e8e2-4daa-87c7-62d3fe0f36e3
the rubilators,eae107e9-8c7b-4152-a7d3-d07f4521341a
the ryan brothers,3a6b0d67-4552-4b80-bc8b-c1cf8cb282ee
the saffron sect,ef7b8289-44f7-4e4a-9020-55034cb80553
the san juan project,0ebbb9d7-259f-4a92-9925-12913f159aee
the san remo strings,1fc3e5bc-bc7c-484c-ab69-cbee0923645d
the sandinistas,8b77414b-88f9-4b8c-90d2-d35d12c9cf56
the saturday tea,c1e05b75-050b-4bf5-85b7-f69d8f980ee5
the scary jokes,50c002f8-789d-4d91-9590-0d7b386ae2cf
the secondmen,6b2b7d99-c80a-48e0-9fe8-6092dc36d868
the secret ragga conexion,550b7ed1-f173-404c-adec-9f78d188c8d7
the sediment club,afbcdcf6-2dcf-4797-95e2-b09878d7dcc5
the seedy seeds,613d50ab-ecf3-4edf-b3b9-9950921e768f
the sellcancers,ed50dc32-1f72-4846-bbee-0c692911ec06
the senti-mentals,232910cb-ffcc-49b1-83e1-f91752722d91
the septic psychos,3ef11a98-bdbc-494c-aa83-6e961d6811fd
the seshen,e8b42008-c634-4e59-b223-c00b68516fe3
the sha la das,466c70cb-9d2b-4364-8ffe-3f20b4ff567b
the shades,9a0cab21-c657-42e0-ba62-3547b8b68b1d
the shitsez,611615d5-f291-43e0-8bf9-f8922fdd801b
the shondells,a1183b9c-54c1-4ae6-a783-ae0bd1f050d4
the sick things,904375dd-453c-4f2c-bf60-d7adce5ff97e
the sick-a-billys,ad11a193-d8c0-462d-910d-3bfc4b634cb8
the sillyjunx,d56115a3-5554-4d49-a57f-ac680217a5de
the silver dimes,48153d8e-1660-4cf2-b028-78cf97295d78
the sinceres,16cf5ac7-7d18-40bc-af10-d603860519ac
the skatalites and disco height,fa316e0d-1652-4f0a-b2ab-eec9ea4c465c
the skeptix,7deaeb6e-1f0c-4c6e-9c76-336475ae44bd
the skywalkers,aa2dc4b9-832a-424e-b355-ce40ce4da428
the slavestate sound system,1e9a034b-6295-484d-a7a2-2531ca36c024
the sleepover disaster,0a340bf1-7e06-4a95-977d-f78e742af684
the slim pickin's,ba460ff8-c4b3-4511-8225-969d2ffa1126
the small glories,de286185-8acd-4a9f-b274-e5d4833ad4c1
the snake oil merchants,00df740a-22d0-4178-930d-691f10b187e7
the snaz,7f397aff-9a99-4f41-9654-aec4e1a10706
the sneepers,c1261522-3747-4847-ad58-4401875afa96
the soapchoppers,1b7ec413-85df-451a-8c5c-d74dedb3a24e
the soft explosions,337be66b-0b8c-4de3-a065-c5b92602b6f7
the soft lightes,05023e31-f3fc-4ac5-b16a-73ef730eee02
the soft white sixties,700efc1f-0018-437c-b564-34897b6cecc8
the sons of harry cross,16ff25f1-dfef-4e16-8f1b-02ade1d5e2dc
the soul vendors,668771e3-4d68-457e-b4fb-1bc262829562
the soulphonics,b25f1dd1-a631-491a-814d-4949dbc8555e
the sound griots,521963bd-ce3c-4faa-8044-dbe21cf8e85d
the soundlovers,f80db2ca-fde5-4ec1-b369-9068de640056
the star apple kingdom,a473410c-b44e-4be6-803d-2b23205680a4
the statesboro revue,11f6365d-a7d7-4abf-933b-56e55471e68d
the steps,05b5cc12-d77a-4e19-92db-5a939c156521
the stray birds,3d6cdfa8-d1e9-43e5-98e8-fa48e9c1a13f
the stringdusters,637101b6-9911-4655-8ee2-da05b47aa8c9
the strongest man who ever d,12c3106c-78bb-4cce-9a8c-22e50b492ab4
the sugarbeats,3ea8d68f-913e-4b86-872e-4e3a26acf86b
the summer wardrobe,130123c3-c954-4778-9c58-25c6a6fc6470
the sunburst band,e88ee7e2-c4c0-4b9c-8355-97c4944da6c2
the sunrise orchestra,997a46ea-deb6-4588-b033-3fe3e5b54c94
the surf zombies,0068d83c-9bef-4a66-8bc7-9d907fdc8142
the surreal mccoys,e412ca4e-d51e-46a9-9bc4-de1f9fd963fd
the swan sisters,9d83cdad-4c34-49bb-9649-78f104765566
the sway machinery,70f8b160-abfe-4fdf-867f-b8e8c38148d2
the teenage prayers,839fb2fb-8804-4e9f-9e03-38ce0392b5e5
the teeners,872ee986-37ee-452e-83dd-fdfb2b93a1da
the teeta,ec08739b-ea35-4018-a4db-7ee15cd82bc1
the tender box,bfa35b25-d79e-4e29-bde6-0a32fc2ad49c
the tengooz,831eee09-d861-470d-ad28-a64cf955ca8f
the tennessee boltsmokers,54d4b259-248c-41e6-87a6-39d5f44c239b
the tennessee tearjerkers,a6ceab37-c840-413d-b332-30f9d8a7aabe
the teskey brothers,f23110b8-5597-4aa7-b09f-ee1f10d4274b
the test tube babies,45366a5e-241b-4ff0-bf16-6834452bb6d4
the tex mex experience,945b9848-e276-4043-8f30-126881a9738e
the texas gentlemen,a237ed5a-f7d7-432a-9b25-cdc38a5ac09e
the tex-mex experience,be376416-6174-46ba-ab29-d043c1121145
the textones,2487a6f4-108e-494b-8837-184db4ebb063
the theater fire,ed15d988-f8a8-4d9e-b704-fb6a87a15a60
the thing with five eyes,677160f3-dd4a-4a14-b487-ced48336de60
the thingz,3c90daad-e780-46db-a29c-f8edf7c36cbd
the tijuana brass,3010fa4c-bd96-4c31-b702-16560fcd88b3
the tijuana tres,001e6c7e-bcce-4c0c-875e-72229e4f909e
the tito lopez combo,ae9a1c1d-e421-4b05-a676-e24244188534
the tomb of nick cage,213345d3-6b42-40f3-ab90-992a50940639
the town i love so well,10e34b43-4d46-455c-a097-7ffb30c9bb9a
the trainwreckers,96b65daf-6486-48d8-a5df-01ed95d3c4f2
the trashies,9334b2a1-933a-43c2-94dd-8db89c25d757
the trophy wives,d86d3ff7-7c69-404c-845c-fd1d21bb6c4f
the true groove all-stars,3c18f8fa-c7d0-48c9-8e74-d8d054dd7846
the truffle tribe,ffba6a39-7240-454c-bd62-aa0d97b7d033
the tunahelpers,f52f93fd-5f57-4639-a3bd-9dd28706b5eb
the tunnelrunners,27a3e178-7687-4f9b-982c-a14abb0fc22c
the turquoise swimming pools,96468013-47b4-4061-9ba7-01a494c9271e
the two timin' dark,d01cd110-ded4-44b5-8226-b803fee197c2
the u.n.,9f0a15fe-c9b7-4550-9289-ad812686c05b
the ugly beats,63b81b29-d91a-4f5c-896e-087d2fcadb3d
the ultra kings,f74c118c-8a93-4781-bedd-20bb628ea6ef
the undercover dream lovers,065e3f7b-6f2d-4beb-83a1-d1aabde5dc68
the underwolves,a7e899a9-ae70-4f17-8a49-f46507270a42
the unholy two,7524907c-66e1-4ce3-9d08-ef81f10f7e0a
the uptown bums,46101fa5-ac56-420d-aa11-71abd80b75cb
the vandellas,d65308e8-eb91-425b-b961-7ea8cfd344a3
the vapor caves,7dbb9c78-e214-4b9c-9a50-0b082fc634ef
the vegabonds,b77433b6-d4b8-4908-8f64-b1bd34933d6f
the void pacific choir,8baca7a2-99a1-4e75-9dff-01c951d22855
the voodoo trombone quartet,13219aa9-909a-4b03-af72-848d48d5c53b
the vryll society,3ec45813-6f93-415d-82d9-097950354be7
the wailers,82dd2b5d-c3f5-4c06-81cc-0223c14a99af
the wailin' yeahs,eeb651df-8e6d-41c8-986e-b8fa4e5e76f4
the walking seeds,f95824f7-5edc-454b-affa-0ff29f79127e
the warhorse,a3ab1035-e7cd-4bf5-8824-1da954be54ea
the warriors atx,b52e9858-e7e2-410e-89ae-196494886edc
the washboard resonators,3afc9a1e-0c83-4d2b-9f75-545c8cf8655f
the wealthy west,da4d94c5-de0a-4d94-942a-0d702bc79934
the weird weeds,f98432d4-6645-4a11-b1b1-9b42c5ba74de
the west side horns,bb77e600-c83a-4235-942c-0486222b89d9
the western civilization,08f086d1-40eb-4ae6-bdf1-4419e5aad424
the wildabouts,5bc67587-34d1-409f-853c-1e16ac612678
the wildweeds,6dae9a50-9d7b-4df7-8486-9cc7c72c495f
the wings,df632824-f4ce-49a6-b2c7-a9244357c198
the winter brave,8e00f0e6-dff9-4503-b0f8-8303511b405e
the wldlfe,21cde713-6591-41fb-8935-b80be91b9aa4
the wonder who,0aa7d034-9703-43ed-989b-4dc2979ba56c
the wong boys,38b7a0e8-f4f6-4af0-bc3a-d40acc173f17
the woolf,280fec79-a240-4b5b-b13d-6ef4bfc6c5da
the world over,e215633a-088b-47fe-80b2-06ff7b03f531
the wronglers,f384e5f2-9793-4668-945b-a764ceb77e71
the wylde bunch,5718817d-9327-42d1-a300-e368423d5dd1
the xpozez,06171791-aff2-47f9-b477-a3a77360ca80
the yoko casionos,e759c306-640e-4c54-87d8-62711674213a
the young rascals,fa5b5939-bfdc-4a7d-a68b-a6c595484e5a
the young republic,ea5b279d-4840-43c4-88c2-54b5ef6b4017
the young something,b086bbc2-f4e9-4e88-8c41-8940a1ee5eb7
the young step,cf03a62a-1538-472f-bab3-2bcd699bcec1
the young wild,283e4a3f-a6c4-4640-8f75-88d75e9e79e7
the zephyr bones,e167442c-feef-41b4-b370-8288b014e8c6
they shoot horses don't they,8fe2a096-5104-4e67-b27d-569ffb1993b7
thieves by the code,53249e13-3554-49f9-b510-139063d7b48c
thom and the wolves,858c56da-f08f-4a06-874e-1c8efdd91a6d
those 2,445bf7ed-957d-40df-a96d-7a20a72d438c
thousand foot whale claw,c7ac26a3-79ba-41fc-afab-43f034f7f603
three drives on a vynil,00cbfdc8-db2f-4909-a62d-39ace5435762
tiger! shit! tiger! tiger!,46b7a61b-d3cb-4ac6-aa7a-262e60491a67
timan family choir,273d8302-2181-4bf2-afd4-d033be25a28e
t-minus band,99d8aaee-7807-496e-8d74-d644597a069f
t'nah apex,6b057e18-10f9-4a40-9987-a60be2ac010d
to live and die in la,bb9eac0c-7eec-4d2c-801c-0496ccbd9fa7
to whom it may,0826287a-8bc6-4ad3-b833-23e02fd5838a
tolchock trio,dcfbf6b4-d321-42df-95b2-9ddef7fa08e2
tolerancia zero 6,6145a6fa-efad-499e-88b6-83d869dbb58e
tom jobim e orquestra,ed8aec27-50c7-4a77-a63b-960b8e26e974
touch & go,1919933d-a0bc-435b-8f4a-e2009be207ff
touch of class,bb611f19-75f6-4ff2-8851-ea9c1bb17240
trendsetting dj knowledge (between sets),e090760e-ca5e-46dd-b259-1a2f6dd32975
triangulo de amor bizarro,997993c3-435d-4d74-a5ba-a307722aba58
trio electro,519a72d1-aa8c-4176-87d3-38f9c572c0c1
trouble in the streets,9671f18d-cb46-4c2b-a2ba-64f9a5c52a9a
truby trio,87872e11-79a3-4ae0-8795-c8d73472a3b5
turn me on dead man,404ba9bb-9c59-4962-8890-dea3f6d205ec
tv on the,9d36c93a-81c1-4e49-8e85-fe317df9f38e
two high string band,f316c524-ae4b-42a4-b68b-80f7767570b9
two hoots and a holler,5796948d-4662-4e52-8170-de5da2147971
two star symphony,a89ee1fa-b564-4840-93e8-ff04c11d8e11
u can unlearn guitar,d7a1b70b-33f2-4aa9-a883-832f45b4ff2e
ultimate power duo,41664512-c1ee-4805-8153-98fe855eb019
umo new music orchestra,ad2075e1-3599-4c9d-a5e9-702bb17d46c1
underground orchestra,d908dedf-9354-4934-9100-6ced22b8f15a
unit four plus two,340866f4-0a81-4772-b933-62343d745d1b
uniting of opposites,37f7fc4b-6968-48a4-a9d0-2ea211ce2c9b
unza unza orkestar,2721b30b-c4ad-43a8-85da-f235f0220453
urss bajo el arbol,0913134f-6cae-44c5-94d7-fdc46409f384
ursula 1000,0e84f246-73dc-4b52-bdcd-80a605636bf1
us port authority soul band,3235fe51-fe96-4c6e-add8-0fc3242390d8
"us, today",a0e0e1de-840f-4960-8a28-c320974eeb2a
-us.,3fea008a-9917-435f-8434-5afbdb284d75
usa for africa,86627af8-5d93-41d9-88cf-858904ab559e
vals de la guardia vieja,a905d63f-214a-40a3-9d87-c583b35a317c
van der toorn,1129b844-fd81-4cf7-8898-878407f97335
vanishing kids,c643f6dd-b8ea-40f3-81a8-db4c1a87d09e
vasallo crab 75,7d8117dc-f5fa-4d15-bab1-adba0e0027cf
vasas flora och fauna,519765a0-fb00-4b3f-ac98-02a58bbb99fd
video kids,b8428930-38e0-425e-aa74-b82786ad8061
vincent van go go,07651b0f-9d1f-467c-b082-1fb5df786098
viva l'american death ray music,88222aeb-767a-465a-83a2-de69bcece552
waco brothers,af7ec744-a07e-40e7-8bd1-e97be5efeba9
washington social club,7f99bc6a-2ab6-4aa0-bae6-d88eed739f70
watch out for snakes,735e8126-20a8-4f69-9531-4a5fa5f90dc9
we are all astronauts,bdf038e0-5701-4a70-8b20-c9ce2a5446f7
we are catchers,35fd867d-f14c-4215-a3e8-967b9c452935
we are the willows,d8759a81-a49f-48c0-aff4-0a23ec3536b9
we bless this mess,81178a99-ce61-43b1-b206-719298eb7628
we the lion,31d49e8a-09cd-47f7-ab55-1181d7b2a71a
we were lovers,a544f0d9-f409-4950-a22e-97bf58d25d94
we were the states,5959b4ea-3391-451f-aa95-488e32b365df
what made milwaukee famous,af5d38c6-b14f-4d4a-81e3-99030d61e6ea
when girls collide,f3fa2455-27a0-456f-bca9-b4605fa87781
when we land,3b3da497-247f-4659-b53f-9e59556d8384
white circle crime club,c1c93369-cb33-42f0-a60f-f3f748b41ca5
wicca phase springs eternal,3194d4db-47af-4ad9-b354-67c85979d910
will for the o'mys,6a928aee-cae3-4eb4-a45e-6f7616ff47c8
women & children,218de8c2-ef45-4d18-8e97-92bd58c9c3bd
xpect aka dream slo,750f72a6-0a86-44e4-aa9a-3ddc354b3543
y la bamba,184d8236-68da-4bd9-a8b9-0fcc09e695f4
yahowha 13,2e5e6775-3e6a-4e58-9757-9ef32127fece
yes we mystic,c5d51af0-1ff0-49ea-8b0f-0aeaf507fd6a
yesterdays new quintet,65dfec24-9b38-409c-ae8e-d15cebe682d4
yolz in the sky,7fb49e36-52d9-475b-af55-44774ca4c3d3
you should go ahead,735c5db9-0d35-49ec-b2dd-b8c68ff11082
yourself and the air,9ad17ed8-104d-4f5d-9da2-4e9d713c4482
zeal and ardor,2aa1f29c-4724-4b71-9dc4-717677afc746
zombie garden club,3a9e86f9-8488-46e2-afb8-dbedc7086188
